player_id,full_name,wins
50901.0,"Popko, Dmitry",28
231620.0,"Chidekh, Clement",22
202572.0,"Gengel, Marek",21
230049.0,"Jianu, Filip Cristian",21
82133.0,"Dellien Velasco, Murkel Alejandro",20
58369.0,"Bolt, Alex",19
205282.0,"Kužmová, Katarína",19
238867.0,"Ovcharenko, Oleksandr",19
341818.0,"Faria, Jaime",18
58515.0,"Collins, Danielle",18
100093.0,"Ferrari, Francesco",18
53483.0,"Masur, Daniel",18
338890.0,"Merida Aguilar, Daniel",18
186885.0,"Hardt, Nick",18
302567.0,"Sakellaridis, Stefanos",18
197809.0,"Clarke, Jay",18
152766.0,"Helgo, Malene",17
217447.0,"Cekirge, Kuzey",17
111857.0,"Ursu, Vadym",17
111149.0,"Samir, Sandra",16
217437.0,"Soriano Barrera, Adria",16
231597.0,"Imamura, Saki",16
196122.0,"Ugo Carabelli, Camilo",16
165866.0,"Miyazaki, Yuriko Lily",16
275105.0,"Bouzas Maneiro, Jessica",16
52533.0,"Jakupovic, Dalila",16
168420.0,"Andrade, Andres",16
16683.0,"Kukushkin, Mikhail",16
250934.0,"Sakellaridi, Sapfo",16
165234.0,"Vasa, Eero",15
296802.0,"Visker, Niels",15
108709.0,"Majchrzak, Kamil",15
217883.0,"Decamps, Gabriel",15
293708.0,"Boisson, Loïs",15
94747.0,"Hoang, Antoine",15
69964.0,"Estable, Julieta",15
244423.0,"Sato, Naho",15
221806.0,"Baez, Sebastian",15
51839.0,"Alves, Carolina",15
168524.0,"Tomescu, Dan Alexandru",15
337897.0,"Crowther, Corban",15
207654.0,"Tubello, Alice",15
229218.0,"Virtanen, Otto",15
206570.0,"Sinner, Jannik",15
372311.0,"Nicod, Jakub",15
228272.0,"Swiatek, Iga",15
276310.0,"Zelníčková, Radka",15
51309.0,"Cid Subervi, Roberto",14
199509.0,"Lamens, Suzan",14
351300.0,"Pawelski, Martyn",14
280123.0,Perfetti Noah,14
189831.0,"Makhlouf, Mohamed Nazim",14
248326.0,"Baptiste, Hailey",14
187218.0,"Mejia, Nicolas",14
186312.0,"Rybakina, Elena",14
207083.0,"Slump, Stijn",14
170976.0,"Ribero, Franco",14
325141.0,"Vincent Ruggeri, Samuel",14
354634.0,"Palicova, Barbora",14
340531.0,"Bonsach Ganley, Kane",14
233214.0,"Kessler, McCartney",14
221793.0,"Hennemann, Caijsa Wilda",14
154806.0,"Laskutova, Ksenia",14
300935.0,"Dapkutė, Iveta",14
383652.0,"Pridankina, Elena",13
207575.0,"Walton, Adam",13
289233.0,"Nardi, Luca",13
39712.0,"Saville, Luke",13
289173.0,"Hussey, Giles",13
119248.0,"Ruud, Casper",13
376006.0,"Joint, Maya",13
322022.0,"Gaubas, Vilius",13
411022.0,"Buchwald, Helena",13
232660.0,"Ševčíková, Linda",13
223152.0,"Shiraishi, Hikaru",13
138714.0,"Fernandez Canovas, Andres",13
233694.0,"Belgraver, Julie",13
88318.0,"Albie, Audrey",13
44547.0,"Albot, Radu",13
199379.0,"Kopp, Sandro",13
336222.0,"Andreeva, Erika",13
258900.0,"Steiner, Maik",13
224619.0,"Falabella, Lautaro Agustin",13
129534.0,"Hrunčákova, Viktória",13
228670.0,"Boitan, Gabi Adrian",13
201239.0,"de Minaur, Alex",13
38517.0,"Trungelliti, Marco",13
227434.0,"Bosio, Gabriele",13
269874.0,"Weckerle, Marie",13
396118.0,"Bradshaw, Jacob",13
268807.0,"Verbin, Pavel",13
420876.0,"Dodig, Matej",13
377356.0,"Duhan, Chirag",13
381430.0,"Valentova, Tereza",13
23581.0,"Dimitrov, Grigor",13
26204.0,"Basilashvili, Nikoloz",13
349351.0,"Ciric Bagaric, Lucija",13
396013.0,"Tammaro, Mariano",13
81041.0,"Ly, Hoang Nam",13
283488.0,"Gonzalez Fernandez, Mario",12
54573.0,"Coria, Federico",12
353490.0,"Vargová, Nina",12
49118.0,"Harrison, Catherine",12
232057.0,"Nava, Emilio",12
299618.0,"Nguyen Tan, Lucie",12
38183.0,"Bagnis, Facundo",12
373197.0,"Corbinais, Sven",12
329816.0,"Asrawy, Amr",12
297953.0,"Klimovicova, Linda",12
64590.0,"Cadar, Elena Teodora",12
231562.0,"Palosi, Stefan",12
106357.0,"Gerch, Lucas",12
398073.0,"Ojakaar, Oliver",12
79467.0,"Jasika, Omar",12
379442.0,"La Serna, Juan Manuel",12
405124.0,"Ratti, Lucio",12
285215.0,"Heinonen, Adam",12
87834.0,"Hon, Priscilla",12
72248.0,"Varillas, Juan Pablo",12
322099.0,"Tararudee, Lanlana",12
264414.0,"Jeong, Boyoung",12
336308.0,"Salkova, Dominika",12
210225.0,"Bayerlová, Michaela",12
348987.0,"Bartůňková, Nikola",12
256104.0,"Volynets, Katie",12
163504.0,"Medvedev, Daniil",12
210033.0,"Glinka, Daniil",12
248845.0,"Marmousez, Lilian",12
420914.0,"Matsuoka, Hayato",12
108621.0,"Kempen, Magali",12
215329.0,"Léonard, Manon",12
156826.0,"van Wyk, Kris",12
217448.0,"Martin Tiffon, Pol",12
318710.0,"Laskevich, Evialina",11
321792.0,"Banks, Amarni",11
273680.0,Flavio Cobolli,11
397014.0,"Midon, Lautaro",11
191442.0,"Martinez, Louroi",11
267576.0,"Bouquier, Arthur",11
274685.0,"Toth, Amarissa Kiara",11
192341.0,"Fomba, Luc",11
190996.0,"Yuan, Yue",11
78785.0,"Rodriguez, Victoria",11
138546.0,"Paul, Tommy",11
332112.0,"Genov, Anthony",11
382361.0,"Kukasian, Artur",11
64968.0,"Dodin, Océane",11
64718.0,"Sugnaux, Tess",11
156968.0,"Masic, Mila",11
63642.0,"Kwiatkowski, Thai-Son",11
293868.0,"Kudermetova, Polina",11
113905.0,"Moreno de Alboran, Nicolas",11
161262.0,"Seyboth Wild, Thiago",11
350074.0,"Weintraub, Ben",11
265627.0,"Gima, Sebastian",11
145122.0,"Martineau, Matteo",11
60276.0,"Podoroska, Nadia",11
275923.0,"Alcaraz, Carlos",11
289156.0,"Zucchini, Arianna",11
58877.0,"Ramanathan, Ramkumar",11
308077.0,"Saitoh, Keisuke",11
284553.0,"Zolotareva, Anastasia",11
180948.0,"Parizzia, Nicolas",11
355527.0,"Jong, Alexander Maarten",11
131566.0,"Nagal, Sumit",11
326949.0,Vallejo Daniel,11
189540.0,"Habib, Hady",11
318575.0,"Shnaider, Diana",11
49417.0,"Tu, Li",11
90274.0,"Manasse, Maegan",11
265438.0,"Deschamps, Thomas (Fra)",11
48225.0,"Dutra da Silva, Daniel",11
233686.0,"Freire Da Silva, Adan",11
201681.0,"Cui, Jie",11
220801.0,"Niemeier, Jule",11
207034.0,"Tseng, Chun Hsin",11
236833.0,"Romero Gormaz, Leyre",11
256033.0,"Jones, Miles",11
238147.0,"Henning, Philip",11
204776.0,"Alves, Mateus",11
26120.0,"Marino, Rebecca",11
36595.0,"Kudla, Denis",11
38180.0,"Mena, Facundo",11
44417.0,"Bosio, Victoria",11
253353.0,"Ku, Yeon Woo",11
414229.0,"Agwi, Michael",11
208225.0,"Squire, Henri",11
452586.0,"Aguilar Cardozo, Joaquin",11
101157.0,"Rybakov, Alex",11
264980.0,"Cocciaretto, Elisabetta",11
15858.0,"Elias, Gastão",11
195437.0,"Vismane, Daniela",11
333004.0,"Castagnola, Luca",11
340741.0,"Gueymard Wayenburg, Sascha",11
232036.0,"Boyer, Tristan",10
245531.0,"Fernandez Flores, Diego",10
297139.0,"Aboian, Valerio",10
25838.0,"Goffin, David",10
96239.0,"Durasovic, Viktor",10
295674.0,"Steur, Joelle Lilly Sophie",10
240100.0,"Tikhonova, Anastasia",10
329576.0,"Simonit, Ezequiel",10
244419.0,"Vylegzhanin, Nikolay",10
265632.0,"Zakaryia, Faris",10
320723.0,"Szabanin, Natalia",10
341859.0,"Baroni, Niccolo",10
119140.0,"Ellis, Blake",10
25822.0,"Shapatava, Sofia",10
100341.0,"Bolkvadze, Mariam",10
383987.0,"Gea, Arthur",10
119216.0,"Herrero Linana, Alicia",10
169370.0,"Bolla, Andrea",10
85877.0,"Villanueva, Gonzalo",10
207593.0,"Brancaccio, Nuria",10
42839.0,"Barthel, Mona",10
288575.0,"Martynov, Diana",10
207050.0,"Holt, Brandon",10
297194.0,"Ito, Aoi",10
318258.0,"Berecoechea, Nahia",10
138452.0,"Shibahara, Ena",10
226810.0,"Potenza, Luca",10
374578.0,"Naef, Celine",10
308084.0,"Darderi, Luciano",10
135192.0,"Rame, Alice",10
141892.0,"Carlé, María Lourdes",10
71034.0,"Šrámková, Rebecca",10
221383.0,"Otegui, Juan Bautista",10
460257.0,"Ghazouani Durand, Yanis",10
303908.0,"Cigarran, Thiago",10
67757.0,"Pera, Bernarda",10
146040.0,"Gomez, Federico Agustin",10
340742.0,"Bertrand, Robin",10
234309.0,"Wong, Hong Yi Cody",10
448232.0,"Nishimura, Kayo",10
377363.0,"Serafini, Marcello",10
152762.0,"Kuczer, Daria",10
300559.0,"Glushkova, Denislava",10
217835.0,"Iannaccone, Federico",10
316468.0,"Ružić, Antonia",10
298618.0,"Yamanaka, Taiyo",10
96237.0,"Pieri, Jessica",10
20732.0,"Plíšková, Karolína",10
341820.0,"Rocha, Henrique",10
215775.0,"Da Silva Fick, Gabriella",10
170964.0,"Bittoun Kouzmine, Constantin",10
213059.0,"Hilderbrand, Trey",10
258324.0,"Purtseladze, Saba",10
385592.0,"Butvilas, Edas",10
185388.0,"Humbert, Ugo",10
89476.0,"Wiersholm, Henrik",10
204755.0,"Ganz, Fiona",10
280837.0,"Inoue, Hina",10
269909.0,"Guillen Meza, Alvaro",10
105063.0,"Gavrilă, Oana",10
281443.0,"Lopez, Noah",10
281447.0,"Alcala Gurri, Max",10
269291.0,"Forejtek, Jonas",10
181062.0,"Kung, Leonie",10
44553.0,"Herbert, Pierre Hugues",10
278083.0,"D'Agostino, Stefano",10
48626.0,"Giustino, Lorenzo",10
46273.0,"Dinu, Cristina",10
193290.0,"Jones, Francesca",10
206602.0,"Tabur, Clement",10
287181.0,"Burruchaga, Roman Andres",10
197935.0,"Imamura, Masamichi",10
88290.0,"Bejenaru, Karola Patricia",10
177686.0,"Barranco Cosano, Javier",10
175014.0,"Moutet, Corentin",10
190877.0,"Guerrieri, Andrea",10
113979.0,"Ficovich, Juan Pablo",9
232459.0,"Hindova, Denisa",9
113847.0,"Alibalić, Nina",9
90110.0,"Serdarušić, Nino",9
115463.0,"Tiurnev, Evgenii",9
223130.0,"Osuigwe, Whitney",9
67759.0,"Alexandrova, Ekaterina",9
197446.0,"Naw, Hazem",9
197546.0,"Salle, Fabien",9
375214.0,"Gorokhov, Mikhail",9
19546.0,"Pavlyuchenkova, Anastasia",9
222183.0,"Saigo, Rina",9
51315.0,"Anderson, Robin",9
233700.0,"Onclin, Gauthier",9
51392.0,"Vickery, Sachia",9
273679.0,"Atmane, Terence",9
223481.0,"de Krom, Michiel",9
106153.0,"Dalla Valle, Enrico",9
143140.0,"Aney, Jessie",9
70794.0,"Wu, Ho Ching",9
137990.0,"Failla, Jessica",9
57703.0,"Pouille, Lucas",9
355525.0,"Collignon, Raphael",9
229884.0,"Milatova, Sofia",9
14844.0,"Monfils, Gaël",9
322082.0,"Buse, Ignacio",9
340528.0,"Trochu, Pablo",9
121178.0,"Gautier, Alexis",9
339452.0,"McCabe, James",9
264982.0,"Gerald Gonzalez, Jimar Geraldine",9
369288.0,"Tabacco, Giorgio",9
77223.0,"Martinez, Pedro",9
50064.0,"Dunne, Katy",9
326111.0,"Gigante, Matteo",9
15983.0,"Kližan, Martin",9
50643.0,"Lukas, Tena",9
395238.0,"Elicha Navas, Gabriel",9
317445.0,"Xilas, Ioannis",9
396821.0,"Zhukov, Maxim",9
316904.0,"Nedelchev, Nikolay",9
399603.0,"Romano, Filippo",9
132412.0,"Fita Boluda, Ángela",9
372312.0,"Mensik, Jakub",9
334273.0,"Avdeeva, Julia",9
264372.0,"Díaz Acosta, Facundo",9
311586.0,"Agafonov, Egor",9
72450.0,"Hibino, Nao",9
137890.0,"Vale, Duarte",9
192342.0,"Pietri, Benjamin",9
52057.0,"Sell, Karue",9
149100.0,"Sultanov, Khumoyun",9
247962.0,"Vandermeersch, Cyril",9
150130.0,"Gao, Xinyu",9
158912.0,"Vacherot, Valentin",9
214973.0,"Lorusso, Lorenzo",9
253366.0,"Salomone, Federico",9
418094.0,"Vithoontien, Leo",9
244416.0,"Zakharov, Alexey",9
342909.0,"Simakin, Ilia",9
60584.0,"Dzhavakian, Yurii",9
246103.0,"Dal, Selina",9
93589.0,"Kellovský, Dominik",9
210490.0,"Kypson, Patrick",9
385833.0,"Okuwaki, Rinon",9
331896.0,"Milev, Yanaki",9
179146.0,"Kalinskaya, Anna",9
289146.0,"Mpetshi Perricard, Giovanni",9
55793.0,"Chiesa, Deborah",9
412849.0,"Dencheva, Rositsa",9
248329.0,"Hu, Victoria",9
168526.0,"Appleton, Emily",9
207979.0,"Navarro, Emma",9
407597.0,"Quevedo, Kaitlin",9
87690.0,"Thompson, Jordan",9
57163.0,"Zverev, Alexander",9
43625.0,"Eraydın, Başak",9
387966.0,"Munk Mortensen, Rebecca",9
238300.0,"Machač, Tomáš",9
215722.0,"Tresca, Giuseppe",9
45835.0,"Hunter, Storm",9
335085.0,"Khomutsianskaya, Daria",9
405559.0,"Massard, Loann",9
385294.0,"Jadoun, Nicolas",9
448184.0,"Schwarzler, Joel Josef",9
19957.0,"Hercog, Polona",9
391770.0,"Chiu, Britney",9
202462.0,"Malygina, Elena",9
154744.0,"Lee, Eunhye",9
64085.0,"Pigossi, Laura",9
298247.0,"Svajda, Zachary",9
425537.0,"Ivanov, Saveliy",9
94501.0,"Bestetti, Giuliana",9
25683.0,"Bai, Yan",9
205795.0,"Piros, Zsombor",9
64315.0,"Kuwata, Hiroko",9
45545.0,"Putintseva, Yulia",9
99429.0,"Hule, Petra",9
14414.0,"Gasquet, Richard",9
203751.0,"Broska, Florian",9
187608.0,"Kovacevic, Aleksandar",9
110803.0,"Minnen, Greet",8
99377.0,"Kestelboim, Mariano",8
100097.0,"Moroni, Gian Marco",8
114885.0,"Nikles, Johan",8
102151.0,"Tabilo, Alejandro",8
103549.0,"Jokic, Katarina",8
105973.0,"Yamasaki, Jumpei",8
107357.0,"Grenier, Hugo",8
327924.0,"Eala, Alexandra",8
99405.0,"Inglis, Maddison",8
182086.0,"Bass, Finn",8
322053.0,"Mouilleron Salvo, Manuel",8
245307.0,"Stewart, Hamish",8
246283.0,"Barry, Monique",8
247791.0,"Parry, Diane",8
209102.0,"Zima, Leopold",8
255128.0,"Milovanovic, Elena",8
202181.0,"Broom, Charles",8
201850.0,"Izquierdo Luque, Rafael",8
256098.0,"Karunaratne, Adithya",8
200852.0,"O`Hoisin, Osgar",8
258820.0,"Stuurman, Roland",8
196920.0,"Cretu, Cezar",8
264978.0,"Pucinelli de Almeida, Matheus",8
194579.0,"Yuan, Chengyiyi",8
271389.0,"Navone, Mariano",8
272473.0,"Bhamidipaty, Shrivalli Rashmikaa",8
191637.0,"Branstine, Carson",8
211336.0,"Adams, Harrison",8
243925.0,"Droguet, Titouan",8
122368.0,"Griekspoor, Tallon",8
238275.0,"Sawangkaew, Mananchaya",8
228644.0,"Pogosian, Sergei",8
228155.0,"Rocha, Francisco",8
227014.0,"Siskova, Anna",8
230056.0,"Kostyuk, Marta",8
230379.0,"Schmidt, Antonia",8
230984.0,"Sakatsume, Himeno",8
231579.0,"Rodriguez, Lorenzo Joaquin",8
224038.0,"Arnaboldi, Federico",8
224033.0,"Naito, Yuki",8
233126.0,"Sweeny, Dane",8
218259.0,"Marozsan, Fabian",8
235576.0,"Nakashima, Brandon",8
217449.0,"Gimeno Valero, Carlos",8
217446.0,"Marti Pujolras, Alex",8
237726.0,"Smith, Tina Nadine",8
190208.0,"Portillo Ramirez, Maria Jose",8
280125.0,"Garcian, Axel",8
186629.0,"Kirkin, Ergi",8
183861.0,"Bassols Ribera, Marina",8
300293.0,"Rehberg, Max Hans",8
152864.0,"Prihodko, Oleg",8
302582.0,"Heide, Gustavo",8
150574.0,"Bondar, Anna",8
303360.0,"Falei, Aliona",8
303899.0,"Hess, Sean",8
145118.0,"Tessa, Louis",8
305030.0,"Ricci, Beatrice",8
306452.0,"Zvonaru, Ioana",8
308088.0,"Gibson, Talia",8
137932.0,"Mikulskytė, Justina",8
314519.0,"Semenistaja, Darja",8
315774.0,"Torres, Juan Bautista",8
125006.0,"Borges, Nuno",8
124708.0,"Cukierman, Daniel",8
297368.0,"Montgomery, Robin",8
158688.0,"Rushiti, Arlinda",8
158896.0,"Hurkacz, Hubert",8
170880.0,"Kononova, Maria",8
339606.0,"Ghibaudo, Antoine",8
283070.0,"Rune, Holger",8
179300.0,"Liu, Claire",8
284167.0,"Guth, Mara",8
171048.0,"Valsecchi, Paul",8
170946.0,"Bergs, Zizou",8
169630.0,"Curras Abasolo, Tomas",8
163480.0,"Bublik, Alexander",8
288576.0,"Noha Akugue, Noma",8
166214.0,"Silva, Johanna",8
289942.0,"Araujo, Pedro",8
290531.0,"La Vela, Giuseppe",8
163636.0,"Klein, Lukas",8
291050.0,"Aubriot, Alexandre",8
98733.0,"Burillo Escorihuela, Irene",8
129368.0,"Koepfer, Dominik",8
381917.0,"Zanellato, Nicolas",8
406809.0,"Neilson Gatenby, Talia",8
42152.0,"Napolitano, Stefano",8
81275.0,"Gutierrez, Oscar Jose",8
52068.0,"Matsumura, Ryotero",8
406665.0,"Saito, Sara",8
73500.0,"Loeb, Jamie",8
451920.0,"Sanchez Quilez, Alejo",8
42379.0,"Giron, Marcos",8
65950.0,"Sakkari, Maria",8
385274.0,"Rakotomanga Rajaonah, Tiantsoa Sarah",8
423931.0,"Radjenovic, Vuk",8
342975.0,"Poljicak, Mili",8
455715.0,"Ren, Yufei",8
60028.0,"Zeballos, Noelia",8
391794.0,"Schiessl, Joao Eduardo",8
372053.0,"Kuhl, Carolina",8
47969.0,"Werner, Caroline",8
386217.0,"Zaytseva, Ksenia",8
376590.0,"Bartashevich, Yaroslava",8
417196.0,"Landaluce, Martin",8
377065.0,"Hovde, Liv",8
376934.0,"Krajci, Michal",8
89632.0,"Jarry, Nicolas",8
450874.0,"Matsuda, Koki",8
54975.0,"Casanova, Hernan",8
95801.0,"Vavassori, Andrea",8
339767.0,Würth Tara,8
350691.0,"Szajrych, Jasza",8
19728.0,"Cirstea, Sorana",8
51387.0,"Townsend, Taylor",8
390214.0,"Blockx, Alexander",8
96981.0,"Xun, Fang Ying",8
462168.0,"Ribecai, Michele",8
77007.0,"Kozlov, Stefan",8
65576.0,"Sakamoto, Pedro",8
63606.0,"Rinderknech, Arthur",8
47603.0,"Monteiro, Thiago",8
63220.0,"Ponchet, Jessika",8
425564.0,"Loge, Jack",8
19329.0,"Radwańska, Urszula",8
386340.0,"Dinev, Dinko",8
41404.0,"Watson, Heather",8
92879.0,"Shymanovich, Iryna",8
136042.0,"Fritz, Taylor",7
135786.0,"Benchetrit, Elliot",7
287806.0,"Ma, Lea",7
385485.0,"Shelton, Ben",7
18919.0,"Lepchenko, Varvara",7
288283.0,"Ogura, Kosuke",7
56361.0,"Sels, Jelle",7
56017.0,"Ritschard, Alexander",7
22956.0,"Berankis, Ričardas",7
313796.0,"Maklakova, Ekaterina",7
53789.0,"Dart, Harriet",7
390973.0,"Kuramochi, Miho",7
187230.0,"Langmo, Christian",7
210087.0,"Tyler, Joe",7
122366.0,"Tsitsipas, Stefanos",7
221362.0,"Monnet, Carole",7
186264.0,"Bruna, Nicolas",7
185412.0,"Labraña, Fernanda",7
208824.0,"Andreev, Adrian",7
464370.0,"Fernandes, Rodrigo",7
54171.0,"Benoit, Marie",7
42029.0,"Safwat, Mohamed",7
55067.0,"Marie, Jules",7
130722.0,"Lucero, Joel Angel",7
248861.0,"Cerundolo, Juan Manuel",7
132370.0,"Kasatkina, Daria",7
283655.0,"Makarova, Ekaterina",7
288465.0,"Tabacco, Fausto",7
383994.0,"Vandewinkel, Hanne",7
200805.0,"Marchetti, Federico",7
379585.0,"Safonov, Aristarkh",7
425525.0,"Cadenasso, Gianluca",7
62790.0,"Lestienne, Constant",7
17080.0,"Tomić, Bernard",7
291799.0,"Vasilyeva, Alexandra",7
223148.0,"Wang, Xiyu",7
298057.0,"Gill, Felix",7
255418.0,"Justo, Guido Ivan",7
62924.0,"Boulter, Katie",7
157368.0,"Kazionova, Ekaterina",7
457906.0,"Adkar, Vaishnavi",7
45139.0,"Papamichail, Despina",7
294348.0,"Waldner, Niklas",7
297199.0,"Kodat, Toby Alex",7
64496.0,"Ostapenko, Jelena",7
64191.0,"Santos, Ana Filipa",7
294420.0,"Andreescu, Stefan Adrian",7
296392.0,"Yamazaki, Ikumi",7
160020.0,"Dancu, Vlad Andrei",7
20347.0,"Özgen, Pemra",7
158720.0,"Beaupain, Simon",7
381831.0,"Ellouck, Ron",7
291010.0,"Agostini, Simone",7
308287.0,"Bagnolini, Daniel",7
405101.0,"Callejon Hernando, Sergio",7
421776.0,"Drozd, Maya",7
71950.0,"Fanselow, Sebastian",7
375088.0,"Diaz Adrover, Cristina",7
71280.0,"Kokkinakis, Thanasi",7
256797.0,"Puskar, Samuel",7
142884.0,"Giunta, Massimo",7
40994.0,"Saville, Daria",7
44236.0,"Di Sarra, Federica",7
233168.0,"Vincent, Antoine",7
59281.0,"Nishioka, Yoshihito",7
201885.0,"Knaff, Alex",7
69500.0,"Mager, Gianluca",7
289153.0,"Hopp, Michel",7
407382.0,"Vetrih, Miha",7
67743.0,"Gjorcheska, Lina",7
253356.0,"Uchijima, Moyuka",7
302587.0,"Monferrer, Ezequiel",7
67460.0,"Bodmer, Adrian",7
67322.0,"Tan, Harmony",7
256081.0,"Hosogi, Sakura",7
121182.0,"Guinard, Manuel",7
209103.0,"Molleker, Rudolf",7
187892.0,"Furness, Evan",7
393344.0,"Arutiunian, Erik",7
241742.0,"Lyeons, Jaycer",7
332537.0,"Dickerson, Ryan",7
220540.0,"Lumsden, Ewen",7
332304.0,"Nesterov, Petr",7
89566.0,"Daavettila, Sara",7
36300.0,"Travaglia, Stefano",7
50641.0,"Vekić, Donna",7
107429.0,"Turati, Anna",7
418032.0,"Shubladze, Alexandra",7
50915.0,"Plipuech, Peangtarn",7
221015.0,"Tenti, Fermin",7
270414.0,"Farjat, Tomas",7
221211.0,"Ho, Ray",7
272506.0,"Saraiva dos Santos, Paulo André",7
213076.0,"Erhard, Mathys",7
111195.0,"Luz, Orlando",7
329199.0,"Marusinova, Martina",7
111609.0,"Barroso Campos, Alberto",7
393631.0,"Fernandez, Bruno",7
104929.0,"Tona, Miriana",7
342864.0,"Plaza Araujo, Luana",7
241039.0,"Soto, Matias",7
264983.0,"Gauff, Cori",7
339457.0,"Costoulas, Sofia",7
238735.0,"M Rifqi, Fitriadi",7
238866.0,"Skorilas, Alexandros",7
401440.0,"Lehmann, Nikos",7
450685.0,"Zhou, Yi",7
341203.0,"Spiridon, Denis Constantin",7
197469.0,"Giraldi Requena, Ana",7
336621.0,"Jones, Maximus",7
265148.0,"Gimenez, Igor",7
103625.0,"Geerts, Michael",7
197535.0,"Hontama, Mai",7
92877.0,"Fossa Huergo, Nicole",7
195372.0,"Marrero Curbelo, Ivan",7
195315.0,"Glushko, Lina",7
194859.0,"Alkotop, Mousa",7
215286.0,"Bynoe, Evan",7
215205.0,"Zhu, Michael",7
215166.0,"Waltert, Simona",7
328075.0,"Kuzuhara, Bruno",7
223479.0,"Furlanetto, Marco",7
119144.0,"Klintcharov, Alexander",7
79315.0,"Colmegna, Martina",7
447347.0,"van Emst, Sarah",7
189311.0,"Aiava, Destanee",7
275466.0,"Xiao, Linang",7
212763.0,"Nefve, Axel",7
237669.0,"Sonmez, Zeynep",7
199395.0,"Kopriva, Vit",7
190950.0,"Ma, Yexin",7
119410.0,"Krywoj, Melany Solange",7
119214.0,"Bouzo Zanotti, Noelia",7
118058.0,"Demidova, Diana",7
52388.0,"Hesse, Amandine",7
52462.0,"Vatutin, Alexey",7
120664.0,"Pedretti, Thaisa Grana",7
391778.0,"Del Pino, Mateo",7
52025.0,"Wang, Yafan",7
483188.0,"Budkov Kjaer, Nicolai",7
275530.0,"Jacquemot, Elsa",7
188555.0,"Kulambayeva, Zhibek",7
353587.0,"Lipiec, Xenia",7
211014.0,"Chwalinska, Maja",7
236825.0,"Rocens, Martins",6
19017.0,"Azarenka, Victoria",6
200159.0,"Rodionov, Jurij",6
163538.0,"Donski, Alexander",6
195179.0,"Oliel, Yshai",6
47770.0,"Fucsovics, Marton",6
49660.0,"Peliwo, Filip",6
386230.0,"Xu, Mingge",6
47975.0,"Hanfmann, Yannick",6
266221.0,"Karatancheva, Lia",6
201870.0,"Hewitt, Dalayna",6
189604.0,"Den Heijer, Guy",6
46390.0,"Uchiyama, Yasutaka",6
221382.0,"Marques, Diogo",6
195182.0,Sun,6
277721.0,"Kountourakis, Ioannis",6
48318.0,"Martincova, Tereza",6
264358.0,"Llamas Ruiz, Pablo",6
196399.0,"Reddy, Rishi",6
403858.0,"Gulin, Svyatoslav",6
97415.0,"Rinaldo Persson, Kajsa",6
264344.0,"Shevchenko, Alexander",6
389496.0,"Stankovic, Anja",6
381399.0,"Piraino, Gabriele",6
163094.0,"Shaw, Michael",6
197532.0,"Chikaraishi, Yui",6
255461.0,"Boehner, Laura",6
161448.0,"Jones, Ben",6
233010.0,"Murgett, Bronte",6
391086.0,"Leclercq, Maelle",6
406728.0,"Michelsen, Alex",6
49638.0,"Shyla, Yaraslav",6
165198.0,"Oetzbach, Adrian",6
455688.0,"Zolotareva, Rada",6
54903.0,"Karlovskiy, Evgeny",6
394384.0,"Nagel, Arthur",6
220537.0,"Jubb, Paul",6
256802.0,"Mccormick, Tristan",6
180446.0,"Wessels, Louis",6
403869.0,"Fonseca, Joao",6
58219.0,"Martin, Toby",6
200844.0,"Welte, Milan",6
394471.0,"Walker, Brandy",6
192013.0,"Auger-Aliassime, Felix",6
261017.0,"Maestrelli, Francesco",6
188493.0,"Podlinska, Marcelina",6
392072.0,"Prado Angelo, Juan Carlos",6
287804.0,"Selekhmeteva, Oksana",6
445463.0,"Mi, Tianmi",6
256878.0,"Ortenzi, Gian Marco",6
55745.0,"Negritu, Christoph",6
57155.0,"Jorda Sanchis, David",6
191440.0,"Wenger, Damien",6
284048.0,Middendorf Julia,6
198223.0,"Fomin, Sergey",6
288611.0,"Reami, Adriana",6
221012.0,"Cerundolo, Francisco",6
193293.0,"Hutchinson, Holly",6
194136.0,"Kivattsev, Kirill",6
267045.0,"Kalieva, Elvina",6
19202.0,"Errani, Sara",6
274747.0,"Vlasselaer , Clara",6
46625.0,"Raina, Ankita",6
181384.0,"Sinha, Nitin Kumar",6
59522.0,"Lee, Ya-Hsuan",6
54983.0,"Morderger, Tayisiya",6
262905.0,"Lanz, Mischa",6
50687.0,"van Uytvanck, Alison",6
198197.0,"Arango, Emiliana",6
59310.0,"Caruso, Salvatore",6
289106.0,"Wong, Chak Lam Coleman",6
262337.0,"Ahti, Vesa",6
398054.0,"Yao, Xinxin",6
218346.0,"Nagy, Adrienn",6
268808.0,"Radišić, Nika",6
256796.0,"Brosset, Samuel",6
384184.0,"Paukštytė, Patricija",6
277846.0,"Reyngold, Ekaterina",6
333081.0,"Ambrogi, Luciano Emanuel",6
319995.0,"Stakusic, Marina",6
124804.0,"Masarova, Rebeka",6
214247.0,"Liu, Hanyi",6
371045.0,"Sakellaridis, Dimitris",6
126356.0,"Munar, Jaume",6
126402.0,"Denolly, Corentin",6
331986.0,"Shebekina, Elizaveta",6
230344.0,"Oberleitner, Neil",6
371864.0,"López Martínez, Carmen",6
208222.0,"Zahraj, Patrick",6
74679.0,"Simonsson, Fred",6
106755.0,"Rublev, Andrey",6
90080.0,"Khachanov, Karen",6
422851.0,"Leong, Mitsuki Wei Kang",6
315569.0,"Sperle, John",6
106091.0,"Meliss, Verena",6
90664.0,"Kalinina, Anhelina",6
132558.0,"Kolar, Zdenek",6
332985.0,"Popa, Maria Sara",6
16822.0,"Ramos-Vinolas, Albert",6
236918.0,"Cavelli, Carola",6
90798.0,"Halys, Quentin",6
486072.0,"Kim, Yujin",6
251270.0,"Biloborodko, Illia",6
312761.0,"Kimhi, Orel",6
104967.0,"Brouwer, Gijs",6
135084.0,"Bouquet, Lucas",6
207089.0,"Holmgren, August",6
158748.0,"Meligeni Alves, Felipe",6
417424.0,"Svajda, Trevor",6
311012.0,"Krueger, Ashlyn",6
122660.0,"Flores, Victoria",6
353542.0,"Micic, Elena",6
212809.0,"Parker, Stuart",6
80535.0,"Kaji, Haruka",6
417200.0,"Ibragimova, Alevtina",6
327367.0,"Shi, Han",6
351204.0,"Pieczkowski, Olaf",6
213079.0,"Gobat, Adrien",6
117948.0,"Hanatani, Nagi",6
39234.0,"Lajovic, Dusan",6
118166.0,"Bakshi, Aleksandre",6
329550.0,"Coman, Mihai Alexandru",6
210981.0,"Tosetto, Rafael",6
119118.0,"Harper, Mitchell",6
210831.0,"Potapova, Anastasia",6
79283.0,"Madarasz, Gergely",6
108767.0,"Hassan, Benjamin",6
16720.0,"Bautista Agut, Roberto",6
245060.0,"Rakotomalala, Maneva",6
414866.0,"Pedrico Kravtsov, Albert",6
120958.0,"Bertran, Peter",6
348701.0,"Topo, Marko",6
244985.0,"Ilagan, Andre",6
417332.0,"Lee, Gyeong Seo",6
368387.0,"Turriziani Alvarez, Alejandro",6
213979.0,"Paul, Jakub",6
210080.0,"Nylander Altelius, Jacquline",6
41359.0,"Yashina, Ekaterina",6
43102.0,"Babos, Tímea",6
227447.0,"Compagnucci, Tommaso",6
217136.0,"Shimizu, Yuta",6
299538.0,"Arnaldi, Matteo",6
341853.0,"Karol, Milos",6
93661.0,"Fetecău, Irina",6
100087.0,"Panák, Yvo",6
254281.0,"Ortenzi, Jazmin",6
99587.0,"Chung, Yunseong",6
300247.0,"Cury Bueres, Matheus",6
93695.0,"Lee, Duckhee",6
341168.0,"Gavrielides, Liam",6
460330.0,"Grant, Tyra Caterina",6
32466.0,"Moriya, Hiroki",6
299625.0,"Zamarripa, Maribella",6
377956.0,"LEW Yan Foon, Astrid",6
421695.0,"Malige, Mae",6
255373.0,"Chanta, Thanapet",6
341952.0,"Privara , Peter Benjamin",6
298913.0,"Sierra, Solana",6
339455.0,"Preston, Taylah",6
255400.0,"Ilkel, Berk",6
232045.0,"Kumar, Omni",6
379443.0,"De Dios, Felipe",6
157150.0,"Boskovic, Lea",6
223513.0,"Draxl, Liam",6
232059.0,"Smith, Keegan",6
297369.0,"Scott, Katrina",6
228662.0,"Bertimon, Maxence",6
204330.0,"Huang, Tsung-Hao",6
97977.0,"Hong, Seong Chan",6
63682.0,"Lázaro García, Andrea",6
377406.0,"Tatu, Sarah",6
253842.0,"Ionel, Nicholas David",6
71250.0,"Frech, Magdalena",6
373687.0,"Bonnaud, Arthur",6
92442.0,"Fett, Jana",6
138712.0,"Oradini, Giovanni",6
207065.0,"Shimizu, Eri",6
236916.0,"Yersh, Kseniya",6
307383.0,"Shelbayh, Abedallah",6
67659.0,"Primorac, Iva",6
335102.0,"Van Assche, Luca",6
373682.0,"Turini, Viola",6
306421.0,"Fruhvirtova, Linda",6
70822.0,"Morisaki, Kanako",6
305655.0,"Beckley, Alec",6
72376.0,"Siniakova, Katerina",6
305444.0,"Zhao, Xichen",6
145108.0,"Bertola, Remy",6
15434.0,"Fognini, Fabio",6
420873.0,"Jamrichova, Renata",6
334293.0,"Quinn, Ethan",6
69208.0,"Paolini, Jasmine",6
224121.0,"Sauvant, Chantal",6
148276.0,"Zheng, Wushuang",6
342273.0,"Manzanera Pertusa, Alejandro",6
198725.0,"Dussin, Louis",5
245109.0,"Hudd, Emile",5
420632.0,"Jovic, Iva",5
423129.0,"Humpfner, Kevin",5
197534.0,"Nagata, Anri",5
234485.0,"Poplavska, Anastasiya",5
401472.0,"Bulatova, Arina",5
213173.0,"Ingarao, Alessandro",5
213427.0,"Kikuchi, Yuta",5
24412.0,"Melzer, Gerald",5
198209.0,"Liang, En-Shuo",5
422758.0,"Tonejc, Vito",5
234320.0,"Aikawa, Mayuka",5
215771.0,"Poling, Lilian",5
255449.0,"Royer, Valentin",5
41374.0,"Tomova, Viktoriya",5
260195.0,"Visscher, Stephanie Judith",5
414969.0,"Yesypchuk, Daria",5
257637.0,"Pannu, Kiranpal",5
251811.0,"Ryser, Valentina",5
257091.0,"Michalski, Daniel",5
252168.0,"Tauson, Clara",5
217141.0,"Maslenkova, Milana",5
252323.0,"Kovapitukted, Punnin",5
407856.0,"Rathi, Anjali",5
253327.0,"Zusman, Richard",5
46651.0,"Melnikova, Marina",5
201731.0,"Mcadoo, Rasheeda",5
407383.0,"Bondioli, Federico",5
206574.0,"Angele, Jaimee Floyd",5
44834.0,"Pegula, Jessica",5
23158.0,"Stephens, Sloane",5
406648.0,"Buldorini, Peter",5
205890.0,"Laboutková, Aneta",5
23082.0,"Rodionova, Arina",5
401360.0,"Modesti, Vittoria",5
254742.0,"Lehečka, Jiří",5
46304.0,"Schmiedlova, Anna-Karolina",5
45258.0,"de Loore, Joris",5
45584.0,"Zhu, Lin",5
203339.0,"Schmidt, Lara",5
255420.0,"Comesaña, Francisco",5
217462.0,"Sumizawa, Daisuke",5
217838.0,"Benzal Alia, Ignacio",5
408582.0,"Parravicini, Gaia",5
47767.0,"Lamasine, Tristan",5
247858.0,"Donders, Dax",5
245561.0,"Atay, Selina",5
198838.0,"Hoedt, Merel",5
38674.0,"Nesterov, Alexey",5
246159.0,"Kraus, Sinja",5
237578.0,"Martínez Círez, Carlota",5
199378.0,"Giacomini, Luca",5
211012.0,"Kozyreva, Maria",5
199408.0,"Jorge, Francisca",5
39425.0,"Savinykh, Valeria",5
210545.0,"Oliver Sanchez, Maria",5
39711.0,"Duckworth, James",5
258908.0,"Passaro, Francesco",5
237045.0,"Summers, Matthew",5
414511.0,"Ishii, Sayaka",5
47876.0,"Shinikova, Isabella",5
210012.0,"Duda, Filip",5
248273.0,"Rouvroy, Margaux",5
248303.0,"Ciocanu, Aurel",5
237452.0,"Hijikata, Rinky",5
199863.0,"Clark, Ezekiel",5
248846.0,"Mayot, Harold",5
410066.0,"Urhobo, Akasha",5
207606.0,"Grant, William",5
237188.0,"Zeppieri, Giulio",5
196922.0,"Sanchez Jover, Carlos",5
18809.0,"Rezai, Aravane",5
196903.0,"Delaney, Jesse",5
369438.0,"Todoni, Anca Alexia",5
315575.0,"Ibrahim, Karim",5
130628.0,"Miroshnichenko, Veronica",5
372051.0,"Raschdorf, Carolin",5
74441.0,"Couacaud, Enzo",5
317520.0,"Pavlou , Dimitra",5
371080.0,"Michalik, Radovan",5
371052.0,"El Aouni, Aya",5
370698.0,"Bubelyte, Klaudija",5
124656.0,"Vukić, Aleksandar",5
372310.0,"Barton, Hynek",5
122668.0,"Daniel, Jaeda",5
321326.0,"Franco, Tobias",5
226805.0,"Cressy, Maxime",5
226806.0,"Bax, Florent",5
367818.0,"Iatcenko, Polina",5
78743.0,"Ejupovic, Elmar",5
367815.0,"Isomura, Kokoro",5
362612.0,"Brunold, Mika",5
315054.0,"Kozakova, Karolina",5
225214.0,"Gadamauri, Buvaysar",5
362037.0,"Chirita, Ioan Alexandru",5
138654.0,"Duerst, Jenny",5
66874.0,"Imai, Shintaro",5
377343.0,"Kamath, Madhwin",5
148264.0,"Gabric, Anna",5
401357.0,"Stojanova, Jana",5
376882.0,"Pieri, Samuele",5
306078.0,"Bassem Sobhy, Michael",5
375939.0,"Khoeblal, Elgin",5
224534.0,"Pavlovic, Luka",5
72230.0,"Celikbilek, Altug",5
134342.0,"Cengiz, Berfu",5
308249.0,"Berger, Antoine",5
308404.0,"Schunk, Nastasja Mariana",5
137810.0,"Blanch, Ulises",5
136372.0,"Parnaby, Alana",5
72634.0,"Ozeki, Michika",5
135778.0,"Poullain, Lucas",5
373196.0,"Lobanov, Aleksandr",5
134532.0,"You, Xiaodi",5
323000.0,"Vanik, Jana",5
326110.0,"Marino, Pietro",5
16852.0,"Uzhylovsky, Vladimir",5
333518.0,"Pfeifer, Lara",5
107625.0,"Janvier, Maxime",5
330492.0,"Thanos, Aristotelis",5
107469.0,"Vidal, Leticia Garcia",5
342875.0,"Pavlova, Kira",5
332110.0,"Kupcic, Jan",5
106143.0,"Vanlangendonck, Eliessa",5
332584.0,"Shin, Maksim",5
333085.0,"Browning, Tauheed",5
103901.0,"Ruse, Elena Gabriela",5
330085.0,"Popovic, Stefan",5
91916.0,"Grey, Sarah Beth",5
333770.0,"Ercan, Melisa",5
342835.0,"Kasnikowski, Maks",5
488404.0,"Wendler Filho, Jefferson",5
101101.0,"Tiafoe, Frances",5
95935.0,"Norrie, Cameron",5
339450.0,"Neumayer, Lukas",5
98607.0,"Chang, Sophie",5
108559.0,"Taberner, Carlos",5
229246.0,"Houghton, George",5
355540.0,"Sijbesma, Marente",5
80613.0,"Neffa De Los Rios, Ana Paula",5
478938.0,"Samsonova, Laura",5
118052.0,"Öz, İpek",5
479887.0,"Frey, Anna",5
117916.0,"Shapovalov, Denis",5
117866.0,"Mukund, Sasikumar",5
355536.0,"Pedone, Georgia",5
227431.0,"Wang, Xinyu",5
482562.0,"Wang, Qiulin",5
112987.0,"Handel, Tim",5
229275.0,"Skatov, Timofey",5
112851.0,"Kirci, Koray",5
111837.0,"Harris, Billy",5
328153.0,"Pampanin, Pietro",5
329507.0,"Braithwaite, Thomas",5
351129.0,"Faltinger, Ines",5
329533.0,"Vilicich, Bautista",5
329553.0,"Djuric, Branko",5
110055.0,"Bronzetti, Lucia",5
66476.0,"Osaka, Naomi",5
303293.0,"Baldovinetti, Guelfo",5
17017.0,"Donskoy, Evgeny",5
274049.0,"Noskova, Linda",5
189995.0,"Blinkova, Anna",5
276774.0,"Matsuda, Ryuki",5
277179.0,"Houkes, Max",5
277187.0,"Abbagnato, Anastasia",5
390986.0,"Yamalapalli, Sahaja",5
390263.0,"Cesar Porras, Julio",5
187215.0,"Mbithi, Mwendwa",5
221399.0,"Raggi, Angelica",5
180984.0,"Vishwakarma, Siddharth",5
386201.0,"Weir, Phoenix",5
385698.0,"Rodríguez, Juliana",5
221515.0,"Tirante, Thiago Agustin",5
284517.0,"Vanshelboim, Eric",5
284561.0,"Kudashova, Daria",5
57021.0,"Kovalik, Jozef",5
173542.0,"Storrie, Ryan James",5
57289.0,"Dellien, Hugo",5
66002.0,"Lokoli, Laurent",5
385219.0,"Gennaro, Camilla",5
275471.0,"Schoolkate, Tristan",5
273779.0,"Delai, Melania",5
58267.0,"Radanović, Dejana",5
51345.0,"Damm Jr, Martin",5
264970.0,"Vlckova, Karolina",5
264979.0,"Frayman, Daria",5
196292.0,"Vocel, Matěj",5
49171.0,"Parrizas Diaz, Nuria",5
49172.0,"Dzumhur, Damir",5
195817.0,"Garcia, Miguel",5
49283.0,"Gerasimov, Egor",5
398740.0,"Shimanov, Ofek",5
195248.0,"Kuhn, Nicola",5
265873.0,"Pérez, Brandon",5
266466.0,"Khamis, Yusuf",5
193644.0,"Sanchez Izquierdo, Nikolas",5
49663.0,"Escoffier, Antoine",5
267148.0,"Snigur, Daria",5
193083.0,"Morvayova, Viktoria",5
192862.0,"Damas, Miguel",5
50795.0,"Heller, Peter",5
396112.0,"Bueno, Helena",5
273227.0,"Urrea, Andres",5
58221.0,"O'Connell, Christopher",5
18910.0,"Wozniacki, Caroline",5
384600.0,"Ferrara, Virginia",5
381419.0,"Vales, Amit",5
161874.0,"Corwin, Felix",5
161270.0,"Salden, Lara",5
295178.0,"Kachmazov, Alibek",5
380073.0,"Parentini Vallega Montebruno, Ginevra",5
296376.0,"Genier, Tanguy",5
459208.0,"Watt, James",5
64570.0,"Garin, Cristian",5
460162.0,"Jones, Emerson",5
298800.0,"Garkusha, Eva",5
299481.0,"Sekulic, Philip",5
299524.0,"Scilipoti, Sebastianna",5
299619.0,"Janicijevic, Selena",5
377987.0,"Drugdová, Salma",5
299765.0,"Bueno, Gonzalo",5
223581.0,"Bolton, Elysia",5
153826.0,"Echargui, Moez",5
377410.0,"Reguer, Alyssa",5
457169.0,"Cilekova, Laura",5
291790.0,"Andaloro, Fabrizio",5
59702.0,"Haddad Maia, Beatriz",5
382898.0,"Zelinskaya, Daria",5
169492.0,"Aboian, Leonardo",5
288612.0,"Rogers, Anna Sinclair",5
383990.0,"Papamalamis, Theo",5
168404.0,"Ribeiro Lago, Elio Jose",5
167370.0,"Ruusuvuori, Emil",5
383458.0,"Da Cruz Mendonça, Sofia",5
215719.0,"Brigida, Omar",5
60650.0,"Bonardi, Berta",5
232651.0,"Gadecki, Olivia",4
237562.0,"Azoides, Demetris",4
237568.0,"Bartone, Kamilla",4
490732.0,"Bidan, Fadi",4
460789.0,"Dedura-Palomero, Mariano",4
230975.0,"Guo, Meiqi",4
460793.0,"Sun, Yifan",4
230306.0,"Samrej, Kasidit",4
455810.0,"Kargina, Valerija Maija",4
234275.0,"Echeverria, John",4
230966.0,"Rottoli, Lorenzo",4
478930.0,"Zhu, Chenting",4
230339.0,"Catini, Niccolo",4
234888.0,"Namigandet Tenguere, Loic",4
233657.0,"Charlton, Joshua",4
445464.0,"Chayka, Aleksander",4
231208.0,"Park, Sohyun",4
232615.0,"Krutykh, Oleksii",4
466991.0,"Miyata, Moeka",4
235052.0,"Matsuda, Misaki",4
339765.0,"Kudriashov, Igor",4
421138.0,"Radulov, Iliyan",4
379483.0,"Baidaulet, Dana",4
373829.0,"Bar Biryukov, Petr",4
375161.0,"Aitkulov, Arslanbek",4
303917.0,"Cabrera, Miguel Angel",4
303122.0,"Bicknell, Blaise",4
301488.0,"Kovaleva, Anastasia",4
300984.0,"Gram, Olivia",4
377531.0,"Zhzhenov, Konstantin",4
300213.0,"Zanolini, Camilla",4
299937.0,"Zamarripa, Allura",4
377989.0,"Balus, Irina",4
378554.0,"Singh, Karan",4
297977.0,"Carnevalle, Lucio",4
383992.0,"Gureva, Anastasiia",4
297976.0,"Stakusic, Marko",4
380044.0,"Campana Lee, Gerard",4
380980.0,"Pennaforti, Gabriele",4
294337.0,"Bellucci, Mattia",4
291911.0,"Llinares Domingo , Lucia",4
291828.0,"Zhang, Linghao",4
291039.0,"Zeng, Zixuan",4
290001.0,"Iordache, Alexandra",4
382887.0,"Arifullina, Arina",4
289925.0,"Hageman, Madelief",4
383429.0,"Barbulescu, Bianca Elena",4
314394.0,"Tran, Demi",4
314463.0,"Masjuan Ginel, Pablo",4
373036.0,"Di Girolami, Tilwith",4
314836.0,"Hietaranta, Laura",4
339456.0,"Jiménez Kasintseva, Victoria",4
340013.0,"Dols, Sara",4
336215.0,"Havlickova, Lucie",4
342249.0,"Fantini, Luca",4
332990.0,"Popa Teiusanu, Vanessa Ioana Georgiana",4
348853.0,"Shang, Juncheng",4
349441.0,"Ewald, Weronika",4
328146.0,"Soboleva, Anastasiya Konstantinovna",4
353705.0,"Donald, Matthew",4
327922.0,"Pel, Stijn",4
355096.0,"Sorger, Sebastian",4
326881.0,"Philippov, Evgeny",4
326524.0,"Pecci, Alessandro",4
326246.0,"Sharipov, Marat",4
362196.0,"Faucon , Romain",4
367819.0,"Candiotto, Ana",4
321788.0,"Riedi, Leandro",4
369287.0,"Andre, Seydina",4
318711.0,"Zuchanska, Aleksandra Julia",4
318572.0,"Legout, Timo",4
316928.0,"Atturu, Shria",4
371932.0,"Seidel, Ella",4
315057.0,"Rodriguez Rodriguez, Johan Alexander",4
289164.0,"Granwehr, Alina",4
384697.0,"Cross, Kayla",4
240797.0,"Roncadelli, Franco",4
407873.0,"Vrancken Peeters, Anouck",4
257784.0,"Zheng, Qinwen",4
257537.0,"Amariei, Ilinca Dalina",4
255993.0,"Trotter, James Kent",4
406808.0,"Searle, Henry",4
255428.0,"Back, Dayeon",4
255129.0,"Đaković , Mihaela",4
254282.0,"Riera, Julia",4
407164.0,"Basavareddy, Nishesh",4
254264.0,"Bellifemine, Alessandro",4
253830.0,"Vatteroni, Lorenzo",4
252750.0,"Gola, Andrea",4
251835.0,"Thurner, Noah",4
288499.0,"Katsumi, Nanari",4
408809.0,"Bacaloni, Andrea",4
249463.0,"Pujol Navarro, Bruno",4
409264.0,"Pereira, Tiago",4
413192.0,"Andreevskaya, Vladislava",4
248269.0,"Bougrat, Maelys",4
248232.0,"Kumasaka, Takuya",4
246169.0,"Samardzic, Ayline Esina",4
245547.0,"Steinegger, Yannik",4
245105.0,"Liucci, Francesco",4
245017.0,"Stater, Alexander",4
243670.0,"Hornitschek, Nico",4
258336.0,"Vankan, Marlon",4
258749.0,"Draper, Jack",4
258983.0,"Fenty, Andrew",4
403166.0,"Grubor, Ana",4
284096.0,"Boscardin Dias, Pedro",4
284083.0,"Marchesini, María Victoria",4
281477.0,"Morandais, Jean-Christian",4
280925.0,"Bossi, Camilla",4
280202.0,"Sieg, Madison",4
280163.0,"Sach, Tai",4
389553.0,"Casanova, Andrin",4
391744.0,"Grechkina, Anastasia",4
276445.0,"Cherubini, Diletta",4
394375.0,"Bartha, Panna",4
395231.0,"Feistel, Gina",4
396005.0,"Bozemoj, Brian",4
266316.0,"Corley, Carmen",4
265808.0,"Lingua Lavallen, Alejo Lorenzo",4
398256.0,"Strode, Elijah",4
399557.0,"Vishal Balsekar, Aditya",4
401341.0,"Ionescu, Iulia Andreea",4
263720.0,"Rivkin, Nikol",4
263653.0,"Erjavec, Veronika",4
261752.0,"Barreiros Reyes, Mateo",4
261714.0,"Marinescu, Mihai Razvan",4
261015.0,"Musetti, Lorenzo",4
260122.0,"Švrčina, Dalibor",4
228739.0,"Tkemaladze, Zura",4
222977.0,"Hodzic, Mina",4
120722.0,"Alhussein Abdel Aziz, Lamis",4
37508.0,"Siegemund, Laura",4
157414.0,"Cortegiani, Alessandro",4
157456.0,"Davidovich Fokina, Alejandro",4
157486.0,"Bartakovics, Marcell",4
92667.0,"Castelnuovo, Luca",4
158636.0,"Prisăcariu, Andreea",4
207081.0,"Ajduković, Duje",4
92074.0,"Galan, Daniel Elahi",4
63995.0,"Leykina, Polina",4
159022.0,"Rodríguez-Pace, Ricardo",4
206568.0,"Burel, Clara",4
205989.0,"Alvarez Varona, Nicolas",4
205906.0,"Gaston, Hugo",4
64580.0,"Ćorić, Borna",4
205884.0,"Rachapudi, Prathyusha",4
64606.0,"Cabaj Awad, Jacqueline",4
205313.0,"Ayeni, Alafia",4
160530.0,"Seibold, Emily",4
161220.0,"Pavel, Bogdan",4
18731.0,"Paszek, Tamira",4
191399.0,"Dartron, Émeline",4
93275.0,"Stoilkovska, Magdalena",4
93597.0,"Pellegrino, Andrea",4
40142.0,"Ormaechea, Paula",4
145008.0,"Uesugi, Kaito",4
145130.0,"Molcan, Alex",4
99383.0,"Robinson, Jada",4
145936.0,"Kaliyanda Poonacha, Niki",4
213943.0,"Osorio Serrano, María Camila",4
41355.0,"Bogdan, Ana",4
152074.0,"Rioux, Lisa-Marie",4
99131.0,"Bucsa, Cristina",4
46391.0,"Struff, Jan-Lennard",4
155700.0,"Chikami, Shohei",4
152830.0,"Amoros Ramos, Pol",4
51100.0,"Roca Batalla, Oriol",4
152896.0,"Drinic, Milan",4
51009.0,"Kuzmanov, Dimitar",4
50847.0,"Yevseyev, Denis",4
60592.0,"Lee, Jea Moon",4
96061.0,"Bandecchi, Susan",4
155556.0,"Bulgaru, Miriam Bianca",4
37638.0,"Sema, Erika",4
201847.0,"Brancaccio, Raul",4
57327.0,"Domingues, Joao",4
65606.0,"Agamenone, Franco",4
179262.0,"Liaonenka, Aliaksandr",4
196442.0,"Kanev, Kathleen",4
71660.0,"Marterer, Maximilian",4
182056.0,"Robbe, Alice",4
195840.0,"Korda, Sebastian",4
182967.0,"Ochi, Makoto",4
188937.0,"Folliot, Quentin",4
193712.0,"Brown, Alexander",4
25831.0,"Abduraimova, Nigina",4
72758.0,"Cristian, Jaqueline",4
20158.0,"Webley-Smith, Emily",4
25069.0,"Schaefer, Anne",4
73448.0,"Cheapchandej, Patcharin",4
48205.0,"Michnev, Petr",4
75813.0,"Zhang, Zhizhen",4
192246.0,"Dellavedova, Matthew",4
191842.0,"Added, Dan",4
74875.0,"Wagner, Stephanie",4
112783.0,"Berrettini, Matteo",4
71284.0,"Bains, Naiktha",4
178350.0,"Iamachkine, Anastasia",4
198121.0,"Maristany Zuleta De Reales, Guiomar",4
36067.0,"Tsurenko, Lesia",4
164830.0,"Tumasonis, Gabriel Pascotto",4
201268.0,"Ćubelić, Karlo",4
167238.0,"Sadiq, Soha",4
82579.0,"Uchida, Kaichi",4
19520.0,"Maria, Tatjana",4
169486.0,"Olivieri, Genaro Alberto",4
65992.0,"Paz, Juan Pablo",4
171026.0,"Tsygourova, Katerina",4
199488.0,"Ribeiro, Eduardo",4
79443.0,"Cabrera, Lizette",4
35838.0,"Begu, Irina-Camelia",4
68478.0,"Bogo, Enrique",4
80725.0,"Altamirano, Collin",4
198699.0,"Kunsuwan, Natthasith",4
19788.0,"Sevastova, Anastasija",4
79597.0,"Massara, Antonio",4
198254.0,"Smith, Alana",4
177644.0,"Takahashi, Yusuke",4
57759.0,"Oliveira, Gonçalo",4
191320.0,"Yang, Yidi",4
217150.0,"Polukhin, Savva",4
42492.0,"Kawa, Katarzyna",4
119150.0,"Fancutt, Thomas",4
135828.0,Walters M.,4
119496.0,"McPhee, Kaylah",4
16779.0,"Pospisil, Vasek",4
216457.0,"Koshiishi, Ayumi",4
217464.0,"Noguchi, Rio",4
217828.0,"Rakhimova, Kamilla",4
54477.0,"Leite, Wilson",4
52735.0,"Arcangioli, Manon",4
132982.0,"Ng, Man Ying Maggie",4
16615.0,"Ilhan, Marsel",4
132834.0,"Barrios Vera, Tomás",4
43502.0,"Lu, Jia-Jing",4
132186.0,"Mendez, Seone",4
220541.0,"Mchugh, Aidan",4
16564.0,"Pereira, Jose",4
220890.0,"Atlangeriev, Bekkhan",4
131442.0,"Mmoh, Michael",4
122330.0,"Kyratzis, Sergis",4
53183.0,"Ilkel, Cem",4
122556.0,"Papac, Tomislav Edward",4
42339.0,"Garcia, Caroline",4
105543.0,"Vojcinakova, Ingrid",4
221339.0,"Kravchenko, Georgii",4
106141.0,"Walch, Antoine",4
107327.0,"In-Albon, Ylena",4
222654.0,"Mikhaylova, Victoria",4
118402.0,"Pokotilov, Boris",4
128552.0,"Popyrin, Alexei",4
118096.0,"Papadakis, Lena",4
116640.0,"Canter, Alexis",4
142758.0,"Zhang, Ying",4
100273.0,"Ivanova, Dasha",4
215663.0,"Mochizuki, Yuki",4
138792.0,"Chlpac, Agustina",4
15126.0,"Murray, Andy",4
44961.0,"Zekić, Miljan",4
52276.0,"Krueger, Mitchell",4
226781.0,"Breckova, Nikola",4
215666.0,"Tajima, Naoki",4
45605.0,"Cé, Gabriela",4
214978.0,"Mehrotra, Arjun",4
141882.0,"Blancaneaux, Geoffrey",4
215307.0,"Feng, Shuo",4
111879.0,"Fung, Stacey",4
137978.0,"McKenzie, Kylie",4
121606.0,"Menezes, João",3
355535.0,"Marcon, Margherita",3
275073.0,"Sibille, Imran",3
175090.0,"Pierre, Hugo",3
321948.0,"Coulibaly, Eliakim",3
285196.0,"Shin, Woobin",3
329809.0,"Nikolenko, Tatyana",3
121248.0,"Roveri Sidney, Gabriel",3
80491.0,"Escobedo, Ernesto",3
321401.0,"Suvirdjonkova, Darja",3
78431.0,"Lodikova, Daria",3
286492.0,"Krumich, Martin",3
35424.0,"Keys, Madison",3
82217.0,"Woerner, Paul",3
106341.0,"Knutson, Gabriela Andrea",3
75281.0,"Peterson, Rebecca",3
405085.0,"Atia, Mariam",3
353488.0,Geerlings Martinez Ariana,3
43748.0,"Thiem, Dominic",3
80773.0,"Hives, Zoe",3
353583.0,"Kielan, Szymon",3
172424.0,"Fassbender, Boris",3
275069.0,"Giotis, Rafael",3
287803.0,"Cazaux, Arthur",3
107483.0,"Monzon, Ignacio",3
320820.0,"Banerjee, Samir",3
327786.0,"Caruso, Antonio",3
118040.0,"Klok, Denys",3
80723.0,"Herazo Gonzalez, Maria Fernanda",3
284061.0,"Ezzat, Yasmin",3
275451.0,"Heck, Hunter",3
26203.0,"Gomez, Emilio",3
280198.0,"Osabuohien, Adesuwa",3
185434.0,"Rodriguez Taverna, Santiago",3
280151.0,"Diallo, Gabriel",3
362567.0,"Smejkalova, Amelie",3
280113.0,"Lollia, Mathilde",3
275933.0,"Osterreicher, Mavie",3
78551.0,"Mertens, Elise",3
76515.0,"Gakhov, Ivan",3
118526.0,"Wolff, Vivian",3
277707.0,"Hans, Kabir",3
189986.0,"Yastremska, Dayana",3
403167.0,"Caniato, Carlo Alberto",3
277240.0,"Colling, Solymar",3
277195.0,"Barreto Sanchez, Diego Augusto",3
47966.0,"Olivetti, Albano",3
362564.0,Amaury Raynel,3
421693.0,"Colne, Nicolas",3
284066.0,"Jurič, Noka",3
324001.0,"Paoletti, Matilde",3
403148.0,"Engel, Justin",3
190883.0,"Miceli, Marco",3
355542.0,"Bakker, Annelin",3
121022.0,"Wood, Warren",3
284014.0,"Wei, Sijia",3
410065.0,"Sonobe, Wakana",3
179294.0,"Opitz, Jannik",3
360262.0,"Simunyu, Celine",3
33593.0,"Mladenovic, Kristina",3
329554.0,"Wildgruber, Anja",3
75825.0,"Bektas, Emina",3
110281.0,"Contreras, Fernanda",3
82307.0,"Von Deichmann, Kathinka",3
408819.0,"Osuigwe, Victoria",3
189998.0,"Corley, Paris Corley",3
336623.0,"Ingale, Pooja",3
349089.0,"Prižmić, Dino",3
169496.0,"Etcheverry, Tomas Martin",3
95853.0,"Pieri, Tatiana",3
413166.0,"Panaras, Adam",3
97231.0,"Djere, Laslo",3
310575.0,"Chen, Meng Yi",3
340445.0,"Laki, Michaela",3
300187.0,"Volonski, Nikita",3
136302.0,"Spiteri, Dalila",3
95939.0,"Whitehouse, Mark",3
311200.0,"Rivera, Leyton",3
155890.0,"Stefanini, Lucrezia",3
317453.0,"Cazacu, Dragos Nicolae",3
341815.0,"Nakagawa, Shunsuke",3
94485.0,"Bonzi, Benjamin",3
298795.0,"Mochizuki, Shintaro",3
156040.0,"Cho, I-Hsuan",3
156098.0,"Arakawa, Haruna",3
93809.0,"El Sallaly, Akram",3
415713.0,"Shyovitz, Eyal",3
311647.0,"Basic, Nikola",3
414961.0,"Karlsson Wistrand, Jack",3
339981.0,"Mikhailova, Maria",3
103375.0,"Serban, Raluca Georgiana",3
152866.0,"Szymczuch, Oliwia",3
336819.0,"Mushika, Mio",3
144102.0,"Weis, Alexander",3
413296.0,"Sakamoto, Rei",3
306076.0,"Refaat, Merna",3
338500.0,"Fils, Arthur",3
144084.0,"Cakarevic, Sara",3
338893.0,"Lapalu, Valentin",3
41473.0,"de Schepper, Kenny",3
339443.0,"Bielinskyi, Viacheslav",3
101119.0,"Van Orderlain, Drew",3
339448.0,"Javia, Dev",3
406663.0,"Kinoshita, Hayu",3
301521.0,"Kawagishi, Nana",3
152804.0,"Vondroušová, Markéta",3
406261.0,"Shebekin, Grigory",3
97363.0,"Wallart, Enzo",3
300959.0,"Gettwart, Fabienne",3
157394.0,"Rosenkranz, Mats",3
135032.0,"Osorio, Juan Sebastian",3
157672.0,"Stollar, Fanny",3
291760.0,"Ferrari, Gianmarco",3
407832.0,"Sorensen, Luke",3
405545.0,"Tsao, Chia Yi",3
291202.0,"Mintegi Del Olmo, Ane",3
411652.0,"Corthey, Lautaro Agustin",3
163996.0,"Wu, Tung-Lin",3
164692.0,"Vig, Saumya",3
83661.0,"Ymer, Elias",3
36678.0,"Sandgren, Tennys",3
305443.0,"Cao, Yajing",3
289986.0,"Meri, Eszter",3
105607.0,"Choinski, Jan",3
83397.0,"Ofner, Sebastian",3
349490.0,"Nad, Peter",3
419535.0,"Morreale, Lavinia",3
128584.0,"Samsonova, Liudmila",3
36298.0,"Diez, Steven",3
167294.0,"Tomasetto, Luca",3
291750.0,"Pochtovyk, Krystyna",3
162638.0,"Wong, Hong Kit",3
157754.0,"Sabalenka, Aryna",3
417260.0,"Herea, Carmen Andreea",3
296390.0,"Koevermans, Anouk",3
313823.0,"Battesti, Alice",3
342834.0,"Ostapenkov, Daniil",3
407392.0,"Blanch, Darwin",3
158790.0,"Strode, Isaiah",3
43761.0,"Collarini, Andrea",3
46428.0,"Maleckova, Jesika",3
133062.0,Goncalves Ceolin J.,3
88992.0,"Muller, Alexandre",3
104849.0,"Reitano, Stefano",3
294815.0,"Kubka, Martyna",3
160190.0,"Hartono, Arianne",3
88494.0,"Christie, Freya",3
293867.0,"Timofeeva, Maria",3
315257.0,"Torres Murcia, Maria Camila",3
417207.0,"Berkieta, Tomasz",3
405556.0,"Raquillet, Leo",3
92965.0,"Okamura, Issei",3
191769.0,"Shimizu, Ayano",3
191430.0,"Konishi Camargo Silva, Julia",3
207653.0,"Zantedeschi, Aurora",3
381422.0,"Zack, Alian",3
248446.0,"Takamisawa, Taketo",3
18066.0,"Basic, Mirza",3
62000.0,"Kan, Victoria",3
60614.0,"Poljak, David",3
382351.0,"Slavíková, Emma",3
60610.0,"Codino, Fiona",3
248227.0,"Horiuchi, Ryusuke",3
210114.0,"Ovcharenko, Ekaterina",3
210540.0,"Lanca, Sara",3
383003.0,"Kenzhibayeva, Sandugash",3
460490.0,"Stojsavljevic, Mika",3
59984.0,"Trongcharoenchaikul, Wishaya",3
59662.0,"Sanchez, Ana Sofia",3
245549.0,"Schaer, Jonas",3
59304.0,"Novak, Dennis",3
462054.0,"Ludoski, Zoran",3
58703.0,"Chappell, Nick",3
245110.0,"Matusevich, Anton",3
213081.0,"Delage, Pierre",3
462062.0,"Carboni, Lorenzo",3
51141.0,"Carballes Baena, Roberto",3
213927.0,"Nuudi, Maileen",3
208061.0,"Mansouri, Yasmine",3
207587.0,"Thompson, Belle",3
255448.0,"Colson, Tibo",3
250279.0,"Fernandez, Leylah",3
204529.0,"Sin, San Hui",3
204753.0,"Chiesa, Enola",3
204764.0,"Berrettini, Jacopo",3
65382.0,"Edmund, Kyle",3
18597.0,"Krajicek, Michaella",3
205777.0,"Kumaran, Bharath Nishok",3
254227.0,"Yunchaokete, Bu",3
456453.0,"Castro Zunino, Michela",3
380042.0,"Gentzsch, Tom",3
206617.0,"Starodubtsewa, Yulia",3
457911.0,"Hou, Yanan",3
18092.0,"Cox, Daniel",3
207077.0,"Nordquist, Arvid",3
251820.0,"Pang, Renlong",3
207086.0,"Van Tilburg, Ronetto",3
251784.0,"Maloney, Patrick",3
63238.0,"Morderger, Yana",3
459472.0,"Patil, Sonal",3
207365.0,"Topalova, Gergana",3
380771.0,"Ngounoue, Clervie",3
250858.0,"Losciale, Valentina",3
250857.0,"Moro Canas, Alejandro",3
191457.0,"Mateas, Maria",3
58423.0,"Stevanović, Natalija",3
58371.0,"Bourgue, Mathias",3
384606.0,"Stoiber, Ranah Akua",3
51293.0,"Svitolina, Elina",3
54387.0,"Mott, Blake",3
479171.0,"Sedysheva, Anna",3
388080.0,"Marinkov, Pavle",3
222826.0,"Li, Ann",3
388383.0,"Southcombe, Mattias",3
222896.0,"Zvereva, Vlada",3
223484.0,"Pontjodikromo, Sidane",3
223555.0,"Koller, Arabella",3
482118.0,"Majdandzic, Marc",3
392635.0,"Markovic, Sasa",3
231617.0,"Zhao, Zhao",3
16311.0,"Alvarado, Patricio",3
390948.0,"Baum, Stepan",3
231035.0,"Kardava, Zoziya",3
225201.0,"Bertoldo, Jessica",3
15894.0,"Mannarino, Adrian",3
52691.0,"Zhao, Carol",3
225358.0,"Ramskogler, Gregor",3
52652.0,"Sezer, Melis",3
391007.0,"Minighini, Daniele",3
226833.0,"Möller, Marvin",3
227154.0,"Shan, Yu",3
391081.0,"Kelm, Yannik",3
222299.0,"Hertel, Anna",3
221400.0,"Dessolis, Barbara",3
221328.0,"Jaisinghani, Raghav",3
463772.0,"Marysko, Vincent",3
244420.0,"De Jong, Jesper",3
385221.0,"Milanese, Sara",3
243915.0,"Cohen, Aaron",3
55787.0,"Olivo, Renzo",3
385827.0,"Pisaric, Aleksa",3
385832.0,"Pawlak, Lucie",3
243374.0,"Schachter, Noah",3
241718.0,"Erel, Yanki",3
16833.0,"Giannessi, Alessandro",3
55309.0,"Lee, Gabriela",3
215390.0,"Mettraux, Marie",3
387857.0,"Ianin, Nikita",3
215773.0,"Lys, Eva",3
215802.0,"Escurra Isnardi, Hernando Jose",3
216008.0,"Popovic, Ivana",3
216040.0,"Stevic, Helena",3
216050.0,"Gloeckler, Michael",3
235930.0,"Vrbensky, Michael",3
476086.0,"Snigireva, Anna",3
234323.0,"Yin, Bang Shuo",3
233738.0,"Hampe, Stefan Peter",3
220899.0,"Sheyngezikht, Leonid",3
204380.0,"Sandberg, Vivien",3
63090.0,"Fatic, Nerman",3
112957.0,"Jeanjean, Léolia",3
67154.0,"Barrere, Gregoire",3
373201.0,"Alimli, Mikail",3
198258.0,"Menguene, Malkia",3
19877.0,"Klaffner, Melanie",3
261095.0,"Stearns, Peyton",3
376420.0,"Daubnerova, Nikola",3
198753.0,"Bojovic, Jana",3
449396.0,"Kokkinis, Tahlia",3
19578.0,"Kerber, Angelique",3
200777.0,"Blanchet, Ugo",3
398741.0,"Bulat, Bianca",3
49358.0,"Pattinama Kerkhove, Lesley",3
66516.0,"Ayukawa, Mana",3
258756.0,"Raducanu, Emma",3
66484.0,"Ferreira Silva, Frederico",3
200150.0,"Alkaya, Mert",3
192406.0,"Shalimova, Ekaterina",3
198203.0,"Maginley, Herbert Jody",3
262594.0,"Avanesyan, Elina",3
267024.0,"Sebestova, Ivana",3
194089.0,"Liu, Yanni",3
72244.0,"Hobgarski, Katharina",3
445470.0,"Rottgering, Mees",3
400497.0,"Van Zijl, Twan",3
194356.0,"Berberovic, Nefisa",3
196050.0,"Desai, Zeel",3
196408.0,"Han, Seon Yong",3
194206.0,"Sukhotina, Anastasia",3
196480.0,"Sawasdee, Watsachol",3
19847.0,"Rus, Arantxa",3
197516.0,"Eubanks, Christopher",3
197536.0,"Hosoki, Yuka",3
375536.0,"Debru, Gabriel",3
263659.0,"Ryan Ziegann, Sam",3
399682.0,"Semenova, Anna",3
48602.0,"Falcao, Goncalo",3
200185.0,"De Jonge, Daniel",3
195334.0,"Zavatska, Katarina",3
49963.0,"Omae, Akiko",3
202557.0,"Ouakaa, Aziz",3
256533.0,"Curmi, Francesca",3
18808.0,"Cornet, Alize",3
270376.0,"Baharmus, Humera",3
256040.0,"Evans, Gabriel",3
378425.0,"Rossi, Leonardo",3
270399.0,"Watanabe, Seita",3
74333.0,"Descotte, Matias Franco",3
397935.0,"Lin, Fang An",3
47985.0,"Marcinkevica, Diana",3
255992.0,"Ichikawa, Taisei",3
203669.0,"Srbljak, Gorazd",3
371872.0,"Garcia Cid, Maria",3
191823.0,"Nicault, Ines",3
273308.0,"Nitture, Akanksha Dileep",3
372309.0,"Struplova, Julie",3
22218.0,"Paire, Benoit",3
201164.0,"Payet, Pauline",3
256799.0,"Novo, Ignacio",3
269873.0,"Hamza Reguig, Samir",3
201244.0,"Lopez Montagud, Carlos",3
72882.0,"Deari, Shendrit",3
451614.0,"Khan, Laquisa",3
72868.0,"Liu, Fangzhou",3
329139.0,"Jaskova, Anika",2
407845.0,"Rao, Sandeepti Singh",2
389513.0,"Fedorova, Aglaya",2
387400.0,"Jones, Hayden",2
389664.0,"Fix, David",2
78879.0,"Pecotić, Matija",2
48599.0,"Schwartzman, Diego",2
387312.0,"Ujvary, Matthias",2
387348.0,"Miletich, Iannis",2
373288.0,"Bougouffa , Hanna",2
369176.0,"Dong, Jiayang",2
111767.0,"Nepliy, Elina",2
386817.0,"Udvardy, Luca",2
392652.0,"Kuznetsova, Ekaterina",2
386501.0,"Artnak, Bor",2
386252.0,"Jang, Yunseok",2
104847.0,"Sonego, Lorenzo",2
386240.0,"Figl, Maximilian",2
391100.0,"Delaunay, Carolann",2
392657.0,"Podrez, Veronika",2
388929.0,"Zakharova, Elina",2
78793.0,"Miedler, Lucas",2
390946.0,"Dubrouski, Mikhail",2
72968.0,"Eto, Naoko",2
331300.0,"Urribarrens Ramirez, Iker",2
51736.0,"Sekulic, Sarah Rebecca",2
372740.0,"Villoslada, Edouard",2
331910.0,"Rabin, Sol",2
407876.0,"Voloshchuk, Angelina",2
76251.0,"Bobrov, Bogdan",2
331919.0,"Kang, Kyle",2
331985.0,"Kurtsikashvili, Anamaria",2
330429.0,"Van Poppel, Emma",2
106395.0,"Ricca, Giorgio",2
372843.0,"Rakki, Selya",2
373035.0,"Van Impe, Amelie",2
110707.0,"Pichler, David",2
368962.0,"Palecek, Nikol",2
111607.0,"Ingildsen, Johannes",2
393515.0,"Vyrlan, Esther",2
373230.0,"Melero Kretzer, Alejandro",2
390958.0,"Rivet, Maxence",2
108565.0,"Zapata Miralles, Bernabe",2
390215.0,"Collignon, Kylian",2
108563.0,"Perez Contri, Sergi",2
65452.0,"Partaud, Marine",2
71736.0,"Newborn, Rhiann",2
62404.0,"Otte, Oscar",2
82609.0,"Grammatikopoulou, Valentini",2
350124.0,"Buchnik, Mika",2
405775.0,"Mcdonald, Ella",2
63222.0,"Chekhov, Anton",2
377970.0,"Torres, Benjamin",2
350454.0,"Kostic, Tamara",2
65976.0,"Balu, Sharmada",2
386231.0,"Lacy, Isabelle",2
49359.0,"Sakharov, Gleb",2
50655.0,"Friedsam, Anna-Lena",2
406163.0,"Matsuda, Rinko",2
81271.0,"Hemery, Calvin",2
341148.0,"Borg, Leo",2
96859.0,"Lock, Benjamin",2
405574.0,"Popescu, Alessia",2
349923.0,"Golas, Olga",2
349488.0,"Pokorny, Lukas",2
83073.0,"Marti, Sandy",2
377988.0,"Chudejova, Mia",2
342863.0,"Ueno Dalmonico, Paola",2
349090.0,"Mikrut, Luka",2
50148.0,"Puttergill, Calum",2
396966.0,"De Koning, Rikke",2
88314.0,"Pinto, Giorgia",2
87090.0,"Chong, Eudice Wong",2
379015.0,"Giovannini, Luisina",2
378973.0,"Bhatnagar, Shivank",2
348718.0,"Jovanovic, Mirjana",2
88178.0,"Grynkowski, Piotr",2
348712.0,"Radivojevic, Lola",2
378447.0,"Caffarena, Julia",2
97031.0,"Christofi, Eleni",2
396293.0,"Korneeva, Alina",2
382906.0,"Reed, Lexington",2
394432.0,"Brack, Caroline",2
104003.0,"Ainitdinova, Gozal",2
103415.0,"Donev, Gabriel",2
400523.0,"Hrazdil, Jan",2
334272.0,"Varul, Liisa",2
79223.0,"Delaney, Jake",2
51651.0,"Rosatello, Camilla",2
102339.0,"Van De Zandschulp, Botic",2
44309.0,"Giorgi, Camila",2
79249.0,"Kim, Dabin",2
47764.0,"Broady, Liam",2
55313.0,"Simion, Oana Georgeta",2
386107.0,"Pacheco Méndez, Rodrigo",2
71484.0,"Chirico, Louisa",2
378686.0,"Prozorova, Tatiana",2
394626.0,"Boros, Attila",2
383428.0,"Mossur, Mykhailo",2
99385.0,"Arconada, Usue Maitane",2
403896.0,"Kendall-Woseley, Meisha",2
395994.0,"Christodoulou, Stylianos",2
45902.0,"Sasnovich, Aliaksandra",2
70728.0,"Bhosale, Rutuja",2
58483.0,"Zhu, Amy",2
406664.0,"Li, Yu-Yun",2
403914.0,"Cavallo, Fernando",2
97995.0,"Gálfi, Dalma",2
355520.0,"Loof, Thijmen",2
383991.0,"Lajal, Mark",2
405033.0,"Mihulka, Bridget",2
48632.0,"Daniel, Taro",2
60392.0,"Sorribes Tormo, Sara",2
360184.0,"Bejlek, Sára",2
51943.0,"Strakhova, Valeriya",2
408276.0,"Maruri, Suhitha",2
257597.0,"Sheehy, Joshua",2
195997.0,"Kucmova, Aneta",2
196520.0,"Toma, Maria",2
263699.0,"Strombachs, Robert",2
262922.0,"Giordano, Maddalena",2
262336.0,"Obradovic, Dusan",2
198592.0,"Kecmanović, Miomir",2
258978.0,"Loffhagen, George",2
258977.0,Alex Hernández,2
450708.0,"Estévez, Josefina",2
258827.0,"Camerano, Elisa Andrea",2
199790.0,"Danilović, Olga",2
450836.0,"González Daniele, Justina",2
200763.0,"Léné, Emma",2
257530.0,"Ozeki, Ayaka",2
195386.0,"Carou, Ignacio",2
256756.0,"Lane, Lewie",2
201747.0,"Batista, Daniel",2
256041.0,"Rajesh, Neel",2
202478.0,"Cortez Llorca, Lucia",2
453479.0,"Rapagnetta, Daniele",2
255445.0,"Charaeva, Alina",2
204329.0,"Hsu, Yu Hsiou",2
255404.0,"Perello Saavedra, Judith",2
455710.0,"Plunger, Manuel",2
254738.0,"Krznarić, Noa",2
205844.0,"Carraro, Luciano",2
18223.0,"Vardhan, Vishnu",2
18111.0,"Raonic, Milos",2
195953.0,"Hoyos Franco, Alejandro",2
265670.0,"Stagno, Beatrice",2
177658.0,"Beauge, Maxence",2
191056.0,"Dev, S D Prajwal",2
179248.0,"Yoshioka, Kisa",2
179628.0,"Haliak, Mikalai",2
281515.0,"Picchione, Andrea",2
281498.0,"Garcia Mestre, Jordi",2
183957.0,"Kobori, Momoko",2
187236.0,"Galarneau, Alexis",2
421761.0,"Cina, Federico",2
188935.0,"Oumaouche, Rayane",2
277736.0,"Brugnone, Flavie",2
189310.0,"Collins, Ali",2
276809.0,"Osborne, Alexandra",2
189578.0,"Karamoko, Naima",2
189961.0,"Aksu, Cengiz",2
115479.0,"Strešnáková, Katarína",2
266224.0,"Poduraeva, Mariya",2
272633.0,"Barnat, Jiri",2
192272.0,"Shanmugam, Abhinav Sanjeev",2
22970.0,"Krajinović, Filip",2
192275.0,"Sureshkumar, Manish",2
192369.0,"Hitt, Zoe",2
269296.0,"Doldan, Susan",2
425551.0,"Paganetti, Vittoria",2
192414.0,"Davis, James",2
267575.0,"Bresciani, Lorenzo",2
267242.0,"Wendelken, Harry",2
267214.0,"Uyar, Melis Ayda",2
193230.0,"Moraing, Oscar",2
194186.0,"Wu, Yibing",2
251345.0,"Nava Elkin, Amanda Carolina",2
250897.0,"Herrmann, Sina",2
250859.0,"Oliynykova, Oleksandra",2
222905.0,"Stanke, Cedric",2
243452.0,"Brown, Preston",2
214341.0,"Kalyanpur, Adil",2
239879.0,"Nijboer, Ryan",2
215755.0,"Gracheva, Varvara",2
216010.0,"Ferguson, Chase",2
469871.0,"Arai, Aely",2
236795.0,"Gaal, Corey",2
218347.0,"Udvardy, Panna",2
220536.0,"Gillan, Alice",2
221327.0,"Jeong, Yeongseok",2
233692.0,"Wassermann, Deney",2
233164.0,"De Cuyper, Julien",2
232780.0,"Zhukayev, Beibit",2
222958.0,"Gray, Alastair",2
250522.0,"Fullana, Luiza",2
16375.0,"Evans, Daniel",2
232087.0,"Bergen, Mariia",2
224055.0,"Reveniau, Simon",2
224115.0,"Burdina, Evgeniya",2
224128.0,"Wirges, Angelina",2
16192.0,"Marchenko, Illya",2
224590.0,"Iamachkine, Pedro",2
225278.0,"Militi Ribaldi, Andrea",2
230648.0,"Kawamura, Mana",2
487577.0,"Werren, Paul",2
226800.0,"Molino, Javier",2
229887.0,"Liauw A Fong, Noa",2
228123.0,"Voracek, Eva Marie",2
243612.0,"Yang, Jimmy",2
214298.0,"Jones, Adam",2
243878.0,"Turkmen, Doga",2
214262.0,"Giavara, Haley",2
249512.0,"Lindh Gallagher, Emilie",2
208613.0,"Yamaguchi, Mei",2
209081.0,"Denisov, Ivan",2
460249.0,"Kumru, Ada",2
17065.0,"Chazal, Maxime",2
460291.0,"Khazime, Daniel",2
460292.0,"Vázquez, Candela",2
247197.0,"Brown, Thomas",2
210717.0,"Nahimana, Sada",2
17048.0,"Virali Murugesan, Ranjeet",2
212205.0,"Verma, Rhea",2
246108.0,"Mazzola, Alessandra",2
246107.0,"Mariani, Matilde",2
212596.0,"Segura, Matthew",2
16849.0,"Marti, Yann",2
212808.0,"Reco, Alexandre",2
213056.0,"Van Emburgh, Jake",2
245059.0,"Szostak, Marine",2
244601.0,"Campana, Carolyn",2
244464.0,"Voisin, Emilien",2
244424.0,"Naklo, Thasaporn",2
213951.0,"Lopez Morillo, Imanol",2
462156.0,"Kikawada, Riko",2
214009.0,"Yörük, İlay",2
244418.0,"Bouzige, Moerani",2
214236.0,"Caldes, Jaime",2
244410.0,"Rai, Ajeet",2
284060.0,"Alvisi, Eleonora",2
191305.0,"Miyoshi, Kenta",2
153744.0,"Pereira, Rebeca",2
160364.0,"Ghioroaie, Ylona-Georgiana",2
153816.0,"Muramatsu, Chihiro",2
411643.0,"Phanthala, Margot",2
153860.0,"Trevisan, Martina",2
154486.0,"Masabayashi, Tomohiro",2
154490.0,"Pearson, Kody",2
154716.0,"Schmidt, Mara",2
155684.0,"Tokuda, Renta",2
38493.0,"Johnson, Steve",2
299532.0,"Campana, Federico",2
155952.0,"Swan, Katie",2
298058.0,"Marthiens, Karen",2
416491.0,"Kalina, Vit",2
318257.0,"Ambrosio, Silvia",2
157378.0,"Dudun, Igor",2
157462.0,"Flores, Jesse",2
410569.0,"Bartlett, Aryana",2
318571.0,"Lovrič, Pia",2
157706.0,"Ozerova, Anna",2
296354.0,"Gimbrère, Jasmijn",2
295881.0,"Binda, Alexandr",2
295675.0,"Monakhova, Dariia",2
138660.0,"Squarcialupi, Gaia",2
127208.0,"Altmaier, Daniel",2
318573.0,"Blanch, Dali",2
410068.0,"Martinez Solis, Claudia Sofia",2
420969.0,"Kriznik, Matic",2
300296.0,"Wiskandt, Max",2
300960.0,"Kummel, Alisa",2
314393.0,"Kruger, Isabella",2
137962.0,"Day, Kayla",2
137948.0,"Chang, Hanna",2
307391.0,"Rincon, Daniel",2
306490.0,Cerny Matyas,2
309157.0,"Mayo, Aidan",2
141914.0,"Suzuki, Ko",2
309645.0,"Rustemova, Zhanel",2
305745.0,"Monnot , Amandine",2
144160.0,"Brumm, Jacob",2
133080.0,"Hinojosa Gomez, Jessica",2
41524.0,"Krunić, Aleksandra",2
133076.0,"Navarro Oliva, Maria Fernanda",2
300989.0,"Komano, Margaux",2
305014.0,"Salton, Dylan",2
145112.0,"Huesler, Marc-Andrea",2
145930.0,"Hayashi, Erina",2
303307.0,"Barrena, Alex",2
152054.0,"Saner, Julita",2
130690.0,"Okamura, Kyoka",2
302552.0,"Petretic, Laia",2
302539.0,"Ruggeri, Jennifer",2
414859.0,"GIL Garcia, Aaron",2
130624.0,"Gasanova, Anastasia",2
129430.0,"Cervino Ruiz, Celia",2
294971.0,"Kawaguchi, Natsumi",2
37785.0,"Sousa, Joao",2
288841.0,"Falkner, Živa",2
289166.0,"Keller, Nadine",2
166198.0,"Stodder, Timo",2
321789.0,"Fery, Arthur",2
167296.0,"Rispoli, Nicola",2
161038.0,"Kozarov, Katarina",2
322033.0,"Giessler, Elena Giovanna",2
119874.0,"Ibbou, Ines",2
169596.0,"Lee, Kuan-Yi",2
420871.0,"Waligora, Amelia",2
42459.0,"Rogers, Shelby",2
324613.0,"Hurrion, Millen",2
420872.0,"Klugman, Hannah",2
171064.0,"Park, Subin",2
171072.0,"Hsu, Jeffrey Chuan En",2
326095.0,"Ibragimov, Daniel",2
287825.0,"Malik, Tara",2
171354.0,"Romero, Camila",2
172482.0,"Dougaz, Aziz",2
287172.0,"Horak, Vitek",2
420894.0,"Van Den Broek, Isis Louise",2
285840.0,"Cundom, Julian",2
285228.0,"Girelli, Chiara",2
175070.0,"Fonio, Giovanni",2
285208.0,"Kovacicova, Stella",2
123824.0,"Dolehide, Caroline",2
138926.0,"Luikham, Jennifer",2
290569.0,"Vandecasteele, Quinn",2
124930.0,"Safiullin, Roman",2
163492.0,"Tamm, Kristjan",2
289957.0,"Lazăr, Ștefana",2
166096.0,"De Vincentis, Matteo",2
164852.0,"Okalova, Martina",2
319992.0,"Hanzlik, Cash",2
290206.0,"Jorge, Matilde",2
163438.0,"Sun, Fajing",2
124934.0,"Lomakin, Grigoriy",2
126622.0,"Ruehl, Tim",2
289924.0,"Bui, Jada",2
289912.0,"Speziali, Filippo",2
124658.0,"Purcell, Max",2
417258.0,"Thongkum, Pimmada",2
166074.0,"Ceschi, Gloria",2
291263.0,"Palan, Dominik",2
407928.0,"Frusina, Alexander",1
480913.0,"Lechno-Wasiutynski, Fryderyk",1
51304.0,"Stevenson, Kelsey",1
42687.0,"Hidalgo, Gabriel Alejandro",1
407389.0,"Juan Mano, Alejandro",1
51836.0,"Arévalo, Marcelo",1
14882.0,"Djokovic, Novak",1
479888.0,"Ionescu, Elizabeth",1
475952.0,"Jansson, Oskar",1
470804.0,"Adams, Julia",1
51323.0,"King, Darian",1
41857.0,"Vesely, Jiri",1
407882.0,"Alujas, Rodrigo",1
408860.0,"Bigun, Kaylan",1
393505.0,"Bowers, Ashton",1
392656.0,"Radulova, Yoana",1
51477.0,"Mitu, Andreea",1
42289.0,"Linette, Magda",1
16823.0,"Romboli, Fernando",1
480611.0,"Malaescu, Daria Stefania",1
469043.0,"Zhang, Ruien",1
479351.0,"de Michele, Fabio",1
420979.0,"Zhiyenbayeva, Sonja",1
44549.0,"Cecchinato, Marco",1
51223.0,"Muntean, Victoria",1
448185.0,"Lam, Shannon",1
400489.0,"Tsitsipas, Pavlos",1
19834.0,"Evtimova, Dia",1
446585.0,"Brockmann, Tessa Johanna",1
37637.0,"Zeballos, Federico",1
419528.0,"Cembranos, Paula",1
48486.0,"Gorgodze, Ekaterine",1
48423.0,"Perez Sanz, David",1
19876.0,"Wickmayer, Yanina",1
46528.0,"Perrin, Conny",1
20354.0,"Büyükakçay, Çağla",1
424830.0,"Ceinos, Eugenia Jazmin",1
23664.0,"Gaio, Federico",1
47295.0,"Andreozzi, Guido",1
423115.0,"Poertner, Lasse",1
422838.0,"Markham, Ava",1
422830.0,"Kashyap, Tanisha",1
401475.0,"Gynina, Valery",1
25726.0,"Gomez, Juan Sebastian",1
422701.0,"Cui, Angela",1
47810.0,"Khromacheva, Irina",1
405028.0,"Cvijanovic, Jelena",1
421672.0,"Sciahbasi, Lorenzo",1
399574.0,"Maute, Jannik",1
449211.0,"Yaneva, Elizara",1
398843.0,"Bulbarella, Marina",1
459966.0,"Fakih, Kate",1
45601.0,"Seguel, Daniela",1
462061.0,"Demanet, Emilien",1
462053.0,"Nandal, Yuvan",1
396006.0,"Estevez, Juan",1
17046.0,"Statham, Rubin",1
396094.0,"Kalyakina, Maria",1
45731.0,"Lim, Alizé",1
414353.0,"Bohrer Martins, Carolina",1
414358.0,"Bjork, June",1
414847.0,"Brunclik, Petr",1
459474.0,"Sawant, Madhurima",1
450712.0,"Andreazzini, Agostina",1
406654.0,"Arnaud Bailly, Gilles",1
414904.0,"Vadyala, Mansi",1
18298.0,"Zvonareva, Vera",1
454995.0,"Bucea, Iulia",1
52069.0,"Nakagawa, Naoki",1
18936.0,"Hsieh, Su-Wei",1
451884.0,"Roura Llaverias, Ruth",1
49682.0,"Kichenok, Nadiia",1
37916.0,"Sadiković, Amra",1
417199.0,"Soulie, Alice",1
415683.0,"Deatherage, Mary Boyce",1
228664.0,"Goodger, Joshua",1
52183.0,"Bara, Irina",1
188944.0,"Chepelev, Andrey",1
189570.0,"Vicens Mas, Rosa",1
276009.0,"Daley, Danielle",1
189993.0,"Sarkisova, Karine",1
275472.0,"Weststrate, Lodewijk",1
190440.0,"Traversi, Costanza",1
271969.0,"Becerra Otarola, Ignacio Antonio",1
271313.0,"VU, HA Minh Duc",1
270439.0,"Mair, Laura",1
192346.0,"Villet, Marie",1
269903.0,"Lý, Savanna",1
269294.0,"Doldan, Heydi",1
268847.0,"Hasegawa, Mei",1
192835.0,"Pang, Sarah",1
192854.0,"Sorrentino, Luigi",1
195319.0,"Vanta, Valentin",1
195430.0,"Bakhmutkina, Polina",1
196929.0,"Nouza, Petr",1
196958.0,"Salazar, Daniel",1
198123.0,"Vojinovic, Lazar",1
261091.0,"Allen, Kolie",1
199348.0,"Qamar, Faisal",1
199391.0,"Viviani, Maria Vittoria",1
199535.0,"Sanz-Llaneza Fernandez, Almudena",1
258889.0,"Tran, Lian",1
200009.0,"Carbonaro, Giulia",1
277332.0,"Ugrelidze, Nina",1
188927.0,"Noce, Gabriele Maria",1
257517.0,"Dong, Zhenxiong",1
280690.0,"Takada, Mao",1
157302.0,"Watanuki, Yosuke",1
297948.0,"Mandelikova, Katerina",1
297121.0,"Ramirez, Evita",1
295608.0,"Koaykul, Krittin",1
292814.0,"Perruzza, Valerio",1
292042.0,"Smiej, Yassine",1
161868.0,"Huertas del Pino, Conner",1
291746.0,"Ignatjeva, Margarita",1
163528.0,"Lavagno, Edoardo",1
163912.0,"Boulais, Isabelle",1
290035.0,"Zielinski, Marcel",1
164796.0,"Butulija, Boris",1
166706.0,"Ciurletti, Andres Gabriel",1
289149.0,"Fajta, Peter",1
169960.0,"Leon, Sabastiani",1
288474.0,"Sato, Hikaru",1
287942.0,"Kolodynska, Jana",1
287721.0,"Xiao, Zheng Hua",1
286552.0,"WI, Hwui Won",1
286518.0,"De La Fuente, Santiago",1
175160.0,"Lavino, Irene",1
175258.0,"Benaissa, Amira",1
180946.0,"Roumane, Rayane",1
182875.0,"Efstathiou, Menelaos",1
183823.0,"Inui, Yuichiro",1
200756.0,"Girard, Emmanuelle",1
200778.0,"Darras, Mayeul",1
52244.0,"Balaji N., Sriram",1
213057.0,"Crawford, Oliver",1
244421.0,"Banthia, Siddhant",1
215037.0,"Lahey, Ashley",1
215377.0,"Martin, Dan",1
215871.0,"Gulin, Georgia",1
216154.0,"Shimabukuro, Sho",1
216488.0,"Misolic, Filip",1
236818.0,"Tedesco, Giulia",1
235961.0,"Maloney, Eliz",1
217850.0,"Foley, Patrick",1
235550.0,"Hellum Lilleengen, Lukas",1
218279.0,"Bulus, Christopher",1
220592.0,"McNally, Catherine",1
233138.0,"Court, Jayden",1
233060.0,"Seggerman, Ryan",1
14548.0,"Wawrinka, Stan",1
232108.0,"Marandel, Lola",1
232088.0,"Diatlova, Kateryna",1
223528.0,"Arias, Boris",1
223563.0,"Hamaliy, Elizabet",1
231594.0,"Kozaki, Funa",1
224541.0,"Radakovic, Laura",1
225273.0,"Rodesch, Chris",1
226703.0,"MO, YE Cong",1
227442.0,"Mansilla Diez, Mario",1
228124.0,"Meyer Auf Der Heide, Luisa",1
213441.0,"Liu, Min",1
245513.0,"Weber, Arthur",1
200780.0,"Seateun, Nathan",1
212836.0,"Lim, Alberto",1
256724.0,"Krapivin, Maxim",1
201729.0,"Vedder, Eva",1
204006.0,"Zgirovsky, Alexander",1
255413.0,"Gagliardo, Lorenzo",1
255391.0,"Zakharova, Anastasia",1
204811.0,"Sziedat, Franziska",1
205252.0,"Arias Manjón, Paula",1
254227.0,"Bu, Yunchaokete",1
205971.0,"Zuk, Kacper",1
206594.0,"Aguilar, Federico Juan",1
206924.0,"Moghimi, Sina",1
207039.0,"Little, Daniel",1
252259.0,"Rodrigues, Laelson",1
207193.0,"Corley, Ivana",1
208160.0,"Braynin, Aleksandr",1
208166.0,"Musitelli, François",1
208604.0,"Mcgiffin, Tenika",1
209101.0,"Lemstra, Kai",1
210035.0,"Troost, Siim",1
247884.0,"Banerjee, Yubarani",1
210479.0,"Wolf, Jeffrey John",1
211294.0,"Fuele, Matyas",1
246135.0,"Wang, Jiaqi",1
246084.0,"Eqbal, Ishaque",1
212797.0,"Buitrago, Nicolás",1
156664.0,"Te, Rigele",1
155984.0,"Chepik, Alexander",1
155696.0,"Nishiwaki, Kazuki",1
65656.0,"Ferro, Fiona",1
377489.0,"Feldbausch, Kilian",1
66968.0,"Kudermetova, Veronika",1
377344.0,"Kashyap, Himadri",1
69050.0,"Badosa, Paula",1
69362.0,"Mansouri, Skander",1
69988.0,"Korpatsch, Tamara",1
70970.0,"Bhatia, Riya",1
375538.0,"Hrdinkova, Denise",1
375326.0,"Sagandikova, Aruzhan",1
374580.0,"Iakubenko, Volodymyr",1
71680.0,"Prabodh, Suraj R",1
72304.0,"Ogata, Haine",1
72324.0,"Doria, Luciano",1
72702.0,"Marinkovic, Bojana",1
371934.0,"Daems, Josy",1
74443.0,"Konjuh, Ana",1
78419.0,"Martinez Martinez, Jorge",1
78433.0,"Bavisetti, Sowjanya",1
368344.0,"Brace, Cadence",1
367821.0,"Malgaroli, Leonardo",1
78477.0,"Trinker, Jonas",1
360302.0,"Drame, Petja",1
79563.0,"Tjandramulia, Olivia",1
79929.0,"Bataljin, Lawrence",1
80665.0,"Polmans, Marc",1
377942.0,"Wan, Elsa",1
65608.0,"Rawat, Sidharth",1
300294.0,"Mujakic, Alen",1
378006.0,"Camus, Charlie",1
52948.0,"Klasen, Anna",1
390213.0,"Bol, Jurriaan",1
389551.0,"Kobelt, Nicolas",1
53288.0,"Silva, Eden",1
388600.0,"Bednarz, Zuzanna",1
386338.0,"Mboko, Victoria",1
386232.0,"Oluwadare, Hephzibah",1
54733.0,"Bonadio, Riccardo",1
386227.0,"Dzhenev, Adriano",1
55401.0,"Jabeur, Ons",1
55885.0,"Herdzelas, Dea",1
56087.0,"Metreveli, Aleksandre",1
58053.0,"Sharma, Astra",1
58207.0,"Vangelova, Ani",1
384240.0,"Kim, Aidan",1
384145.0,"Dominko, Sebastian",1
383997.0,"Svendsen, Johanne Christine",1
59213.0,"Perez Garcia, Maria Paulina",1
383459.0,"Jang, Gio",1
383441.0,"Mamedova, Edda",1
383066.0,"Podorozhnyi, Artem",1
60398.0,"Krejcikova, Barbora",1
382388.0,"Mardjonovic, Aleksa",1
62386.0,"Sabanin, Yan",1
65128.0,"Desperrier, Gaelle",1
353983.0,"Cook, Ethan",1
351301.0,"Bergler, Olivia",1
82441.0,"Kawachi, Kazuma",1
350065.0,"Valente, Denise",1
115205.0,"Muniyan, Arthi",1
326740.0,"Auer, Stefanie",1
326273.0,"Korokozidi, Elena",1
323272.0,"Okonkwo, Oliver",1
323244.0,"Dlimi, Yassine",1
119664.0,"Smith, Alicia",1
228523.0,"Haavisto, Ella",1
318585.0,"Siniakov, Daniel",1
318574.0,"Bai, Zhuoxuan",1
127634.0,"Monroy, Yuliana",1
128588.0,"Potocnik, Nina",1
316921.0,"Salvi, Linda",1
130438.0,"Ponwith, Nathan",1
132352.0,"Congcar, Congsup",1
309071.0,"Kym, Jerome",1
305134.0,"Nunez, Daniel Antonio",1
305050.0,"Lucia, Ireni",1
146030.0,"Derdoy, Felipe",1
147506.0,"Fourlis, Jaimee",1
302593.0,"Gomez Pezuela Cano, Marian",1
150076.0,"Ahn, Yu Jin",1
302566.0,"Catani, Leonardo",1
302531.0,"Malgiaritta, Maurus",1
302007.0,"Chaudhari, Vaidehi",1
301996.0,"Chaiyarin, Credit",1
328928.0,"Radovanovic, Nina",1
111189.0,"Zarazúa, Renata",1
110299.0,"Zidanšek, Tamara",1
338897.0,"Szabo, Briana",1
348715.0,"Ristic, Mia",1
347906.0,"Karner, Elena",1
90814.0,"Teichmann, Jil",1
342298.0,"Imbo Nloga, Samantha",1
92845.0,"Goldhoff, George",1
95259.0,"Kirchheimer, Strong",1
97413.0,"Östlund, Fanny",1
97557.0,"Merlo, Rocio Daniela",1
97647.0,"Kwon, Soonwoo",1
98359.0,"Korovin, Mikhail",1
98751.0,"Koussenkova, Valeria",1
337408.0,"Fruhvirtova, Brenda",1
110215.0,"Salas, Emmanuelle",1
99775.0,"Saigo, Yukina",1
101095.0,"Catanzariti, A J",1
101211.0,"Ward, Emmett",1
102191.0,"Aksu, Ayla",1
335022.0,"Chekanskaya, Anna",1
103913.0,"Fukuda, Sora",1
333007.0,"Cassone, Murphy",1
333006.0,"Piatti, Rocco",1
105051.0,"Agabigun, Sarp",1
105463.0,"Bouzkova, Marie",1
107347.0,"Manda, Calin",1
499834.0,"Moeller, Elmer",1
